campaign_id,campaign_name,date,total_impressions,total_clicks,daily_ctr,rolling_7_day_ctr,ctr_difference
101,"Summer Electronics Sale",2025-01-01,146456,2623,0.01791,0.017910000,0.000000000
101,"Summer Electronics Sale",2025-01-02,143506,2930,0.02042,0.019165000,0.001255000
101,"Summer Electronics Sale",2025-01-03,167264,3324,0.01987,0.019400000,0.000470000
101,"Summer Electronics Sale",2025-01-04,152470,3906,0.02562,0.020955000,0.004665000
101,"Summer Electronics Sale",2025-01-05,151542,3378,0.02229,0.021222000,0.001068000
101,"Summer Electronics Sale",2025-01-06,158222,3077,0.01945,0.020926666,-0.001476666
101,"Summer Electronics Sale",2025-01-07,171786,3549,0.02066,0.020888571,-0.000228571
101,"Summer Electronics Sale",2025-01-08,160668,2903,0.01807,0.020911428,-0.002841428
101,"Summer Electronics Sale",2025-01-09,159984,3033,0.01896,0.020702857,-0.001742857
101,"Summer Electronics Sale",2025-01-10,164827,4014,0.02435,0.021342857,0.003007143
101,"Summer Electronics Sale",2025-01-11,140449,3011,0.02144,0.020745714,0.000694286
101,"Summer Electronics Sale",2025-01-12,163410,3560,0.02179,0.020674285,0.001115715
101,"Summer Electronics Sale",2025-01-13,169267,2978,0.01759,0.020408571,-0.002818571
101,"Summer Electronics Sale",2025-01-14,156517,2408,0.01538,0.019654285,-0.004274285
101,"Summer Electronics Sale",2025-01-15,160722,2833,0.01763,0.019591428,-0.001961428
101,"Summer Electronics Sale",2025-01-16,150219,3544,0.02359,0.020252857,0.003337143
101,"Summer Electronics Sale",2025-01-17,156352,4303,0.02752,0.020705714,0.006814286
101,"Summer Electronics Sale",2025-01-18,162326,3944,0.02430,0.021114285,0.003185715
101,"Summer Electronics Sale",2025-01-19,160440,3453,0.02152,0.021075714,0.000444286
101,"Summer Electronics Sale",2025-01-20,155969,3133,0.02009,0.021432857,-0.001342857
101,"Summer Electronics Sale",2025-01-21,150997,2859,0.01893,0.021940000,-0.003010000
101,"Summer Electronics Sale",2025-01-22,167339,2955,0.01766,0.021944285,-0.004284285
101,"Summer Electronics Sale",2025-01-23,163466,3818,0.02336,0.021911428,0.001448572
101,"Summer Electronics Sale",2025-01-24,158495,3787,0.02389,0.021392857,0.002497143
101,"Summer Electronics Sale",2025-01-25,159418,3550,0.02227,0.021102857,0.001167143
101,"Summer Electronics Sale",2025-01-26,162754,3334,0.02048,0.020954285,-0.000474285
101,"Summer Electronics Sale",2025-01-27,169816,3435,0.02023,0.020974285,-0.000744285
101,"Summer Electronics Sale",2025-01-28,156247,3401,0.02177,0.021380000,0.000390000
101,"Summer Electronics Sale",2025-01-29,170260,3202,0.01881,0.021544285,-0.002734285
101,"Summer Electronics Sale",2025-01-30,150881,3281,0.02175,0.021314285,0.000435715
101,"Summer Electronics Sale",2025-01-31,164873,4301,0.02609,0.021628571,0.004461429
101,"Summer Electronics Sale",2025-02-01,167314,3055,0.01826,0.021055714,-0.002795714
101,"Summer Electronics Sale",2025-02-02,155254,3736,0.02406,0.021567142,0.002492858
101,"Summer Electronics Sale",2025-02-03,159354,3047,0.01912,0.021408571,-0.002288571
101,"Summer Electronics Sale",2025-02-04,156132,3499,0.02241,0.021500000,0.000910000
101,"Summer Electronics Sale",2025-02-05,160559,3511,0.02187,0.021937142,-0.000067142
101,"Summer Electronics Sale",2025-02-06,172266,3872,0.02248,0.022041428,0.000438572
101,"Summer Electronics Sale",2025-02-07,173506,2962,0.01707,0.020752857,-0.003682857
101,"Summer Electronics Sale",2025-02-08,168955,4342,0.02570,0.021815714,0.003884286
101,"Summer Electronics Sale",2025-02-09,150243,3585,0.02386,0.021787142,0.002072858
101,"Summer Electronics Sale",2025-02-10,163520,3896,0.02383,0.022460000,0.001370000
101,"Summer Electronics Sale",2025-02-11,161817,3110,0.01922,0.022004285,-0.002784285
101,"Summer Electronics Sale",2025-02-12,158569,2946,0.01858,0.021534285,-0.002954285
101,"Summer Electronics Sale",2025-02-13,157861,2538,0.01608,0.020620000,-0.004540000
101,"Summer Electronics Sale",2025-02-14,165692,3465,0.02091,0.021168571,-0.000258571
101,"Summer Electronics Sale",2025-02-15,164313,2984,0.01816,0.020091428,-0.001931428
101,"Summer Electronics Sale",2025-02-16,161243,3515,0.02180,0.019797142,0.002002858
101,"Summer Electronics Sale",2025-02-17,156768,3149,0.02009,0.019262857,0.000827143
101,"Summer Electronics Sale",2025-02-18,170625,3682,0.02158,0.019600000,0.001980000
101,"Summer Electronics Sale",2025-02-19,160926,3177,0.01974,0.019765714,-0.000025714
101,"Summer Electronics Sale",2025-02-20,164189,4258,0.02593,0.021172857,0.004757143
101,"Summer Electronics Sale",2025-02-21,161837,2121,0.01311,0.020058571,-0.006948571
101,"Summer Electronics Sale",2025-02-22,158714,3795,0.02391,0.020880000,0.003030000
101,"Summer Electronics Sale",2025-02-23,162082,2308,0.01424,0.019800000,-0.005560000
101,"Summer Electronics Sale",2025-02-24,152222,3831,0.02517,0.020525714,0.004644286
101,"Summer Electronics Sale",2025-02-25,169339,3850,0.02274,0.020691428,0.002048572
101,"Summer Electronics Sale",2025-02-26,158703,2760,0.01739,0.020355714,-0.002965714
101,"Summer Electronics Sale",2025-02-27,160314,3237,0.02019,0.019535714,0.000654286
101,"Summer Electronics Sale",2025-02-28,155976,3776,0.02421,0.021121428,0.003088572
101,"Summer Electronics Sale",2025-03-01,164280,3440,0.02094,0.020697142,0.000242858
101,"Summer Electronics Sale",2025-03-02,152017,3334,0.02193,0.021795714,0.000134286
101,"Summer Electronics Sale",2025-03-03,158727,2794,0.01760,0.020714285,-0.003114285
101,"Summer Electronics Sale",2025-03-04,170080,4114,0.02419,0.020921428,0.003268572
101,"Summer Electronics Sale",2025-03-05,167697,3055,0.01822,0.021040000,-0.002820000
101,"Summer Electronics Sale",2025-03-06,148496,3188,0.02147,0.021222857,0.000247143
101,"Summer Electronics Sale",2025-03-07,162886,3971,0.02438,0.021247142,0.003132858
101,"Summer Electronics Sale",2025-03-08,169654,2764,0.01629,0.020582857,-0.004292857
101,"Summer Electronics Sale",2025-03-09,163016,3232,0.01983,0.020282857,-0.000452857
101,"Summer Electronics Sale",2025-03-10,161875,3745,0.02314,0.021074285,0.002065715
101,"Summer Electronics Sale",2025-03-11,154700,2825,0.01826,0.020227142,-0.001967142
101,"Summer Electronics Sale",2025-03-12,170604,3604,0.02112,0.020641428,0.000478572
101,"Summer Electronics Sale",2025-03-13,164875,3557,0.02157,0.020655714,0.000914286
101,"Summer Electronics Sale",2025-03-14,137215,3887,0.02833,0.021220000,0.007110000
101,"Summer Electronics Sale",2025-03-15,165730,4092,0.02469,0.022420000,0.002270000
101,"Summer Electronics Sale",2025-03-16,154122,3989,0.02588,0.023284285,0.002595715
102,"Fashion Brand Awareness",2025-01-01,168107,2529,0.01504,0.015040000,0.000000000
102,"Fashion Brand Awareness",2025-01-02,157275,3204,0.02037,0.017705000,0.002665000
102,"Fashion Brand Awareness",2025-01-03,166089,1921,0.01157,0.015660000,-0.004090000
102,"Fashion Brand Awareness",2025-01-04,149590,3207,0.02144,0.017105000,0.004335000
102,"Fashion Brand Awareness",2025-01-05,158129,3486,0.02205,0.018094000,0.003956000
102,"Fashion Brand Awareness",2025-01-06,164747,3368,0.02044,0.018485000,0.001955000
102,"Fashion Brand Awareness",2025-01-07,155249,2934,0.01890,0.018544285,0.000355715
102,"Fashion Brand Awareness",2025-01-08,153514,2409,0.01569,0.018637142,-0.002947142
102,"Fashion Brand Awareness",2025-01-09,159133,2852,0.01792,0.018287142,-0.000367142
102,"Fashion Brand Awareness",2025-01-10,164794,3683,0.02235,0.019827142,0.002522858
102,"Fashion Brand Awareness",2025-01-11,153749,2285,0.01486,0.018887142,-0.004027142
102,"Fashion Brand Awareness",2025-01-12,162463,2439,0.01501,0.017881428,-0.002871428
102,"Fashion Brand Awareness",2025-01-13,149807,3202,0.02137,0.018014285,0.003355715
102,"Fashion Brand Awareness",2025-01-14,161490,3673,0.02274,0.018562857,0.004177143
102,"Fashion Brand Awareness",2025-01-15,160602,1942,0.01209,0.018048571,-0.005958571
102,"Fashion Brand Awareness",2025-01-16,154638,2611,0.01688,0.017900000,-0.001020000
102,"Fashion Brand Awareness",2025-01-17,165232,2396,0.01450,0.016778571,-0.002278571
102,"Fashion Brand Awareness",2025-01-18,154082,2706,0.01756,0.017164285,0.000395715
102,"Fashion Brand Awareness",2025-01-19,168627,3113,0.01846,0.017657142,0.000802858
102,"Fashion Brand Awareness",2025-01-20,161936,3321,0.02051,0.017534285,0.002975715
102,"Fashion Brand Awareness",2025-01-21,156900,2950,0.01880,0.016971428,0.001828572
102,"Fashion Brand Awareness",2025-01-22,166516,2618,0.01572,0.017490000,-0.001770000
102,"Fashion Brand Awareness",2025-01-23,156220,2839,0.01817,0.017674285,0.000495715
102,"Fashion Brand Awareness",2025-01-24,151651,2961,0.01953,0.018392857,0.001137143
102,"Fashion Brand Awareness",2025-01-25,161260,2928,0.01816,0.018478571,-0.000318571
102,"Fashion Brand Awareness",2025-01-26,155591,3950,0.02539,0.019468571,0.005921429
102,"Fashion Brand Awareness",2025-01-27,159589,3027,0.01897,0.019248571,-0.000278571
102,"Fashion Brand Awareness",2025-01-28,162184,2352,0.01450,0.018634285,-0.004134285
102,"Fashion Brand Awareness",2025-01-29,174931,2861,0.01636,0.018725714,-0.002365714
102,"Fashion Brand Awareness",2025-01-30,164798,2833,0.01719,0.018585714,-0.001395714
102,"Fashion Brand Awareness",2025-01-31,154915,3106,0.02005,0.018660000,0.001390000
102,"Fashion Brand Awareness",2025-02-01,160518,2311,0.01440,0.018122857,-0.003722857
102,"Fashion Brand Awareness",2025-02-02,160889,2770,0.01722,0.016955714,0.000264286
102,"Fashion Brand Awareness",2025-02-03,153792,2687,0.01747,0.016741428,0.000728572
102,"Fashion Brand Awareness",2025-02-04,162333,2512,0.01547,0.016880000,-0.001410000
102,"Fashion Brand Awareness",2025-02-05,163726,3368,0.02057,0.017481428,0.003088572
102,"Fashion Brand Awareness",2025-02-06,160720,2721,0.01693,0.017444285,-0.000514285
102,"Fashion Brand Awareness",2025-02-07,156880,3840,0.02448,0.018077142,0.006402858
102,"Fashion Brand Awareness",2025-02-08,161717,2353,0.01455,0.018098571,-0.003548571
102,"Fashion Brand Awareness",2025-02-09,150853,2178,0.01444,0.017701428,-0.003261428
102,"Fashion Brand Awareness",2025-02-10,159335,3827,0.02402,0.018637142,0.005382858
102,"Fashion Brand Awareness",2025-02-11,167923,3076,0.01832,0.019044285,-0.000724285
102,"Fashion Brand Awareness",2025-02-12,160310,3532,0.02203,0.019252857,0.002777143
102,"Fashion Brand Awareness",2025-02-13,162063,3592,0.02216,0.020000000,0.002160000
102,"Fashion Brand Awareness",2025-02-14,159153,2872,0.01805,0.019081428,-0.001031428
102,"Fashion Brand Awareness",2025-02-15,155603,2987,0.01920,0.019745714,-0.000545714
102,"Fashion Brand Awareness",2025-02-16,161193,2363,0.01466,0.019777142,-0.005117142
102,"Fashion Brand Awareness",2025-02-17,146736,3202,0.02182,0.019462857,0.002357143
102,"Fashion Brand Awareness",2025-02-18,161328,3326,0.02062,0.019791428,0.000828572
102,"Fashion Brand Awareness",2025-02-19,162729,2846,0.01749,0.019142857,-0.001652857
102,"Fashion Brand Awareness",2025-02-20,156498,3151,0.02013,0.018852857,0.001277143
102,"Fashion Brand Awareness",2025-02-21,149888,3105,0.02072,0.019234285,0.001485715
102,"Fashion Brand Awareness",2025-02-22,159139,1973,0.01240,0.018262857,-0.005862857
102,"Fashion Brand Awareness",2025-02-23,163496,2713,0.01659,0.018538571,-0.001948571
102,"Fashion Brand Awareness",2025-02-24,158737,2538,0.01599,0.017705714,-0.001715714
102,"Fashion Brand Awareness",2025-02-25,165111,2812,0.01703,0.017192857,-0.000162857
102,"Fashion Brand Awareness",2025-02-26,165465,2554,0.01544,0.016900000,-0.001460000
102,"Fashion Brand Awareness",2025-02-27,164135,3531,0.02151,0.017097142,0.004412858
102,"Fashion Brand Awareness",2025-02-28,149706,3411,0.02278,0.017391428,0.005388572
102,"Fashion Brand Awareness",2025-03-01,154948,3317,0.02141,0.018678571,0.002731429
102,"Fashion Brand Awareness",2025-03-02,162680,3311,0.02035,0.019215714,0.001134286
102,"Fashion Brand Awareness",2025-03-03,155140,3040,0.01960,0.019731428,-0.000131428
102,"Fashion Brand Awareness",2025-03-04,158237,2109,0.01333,0.019202857,-0.005872857
102,"Fashion Brand Awareness",2025-03-05,158410,2293,0.01448,0.019065714,-0.004585714
102,"Fashion Brand Awareness",2025-03-06,160836,2741,0.01704,0.018427142,-0.001387142
102,"Fashion Brand Awareness",2025-03-07,145653,2495,0.01713,0.017620000,-0.000490000
102,"Fashion Brand Awareness",2025-03-08,154600,3799,0.02457,0.018071428,0.006498572
102,"Fashion Brand Awareness",2025-03-09,171961,2857,0.01661,0.017537142,-0.000927142
102,"Fashion Brand Awareness",2025-03-10,168456,2063,0.01225,0.016487142,-0.004237142
102,"Fashion Brand Awareness",2025-03-11,160728,2366,0.01472,0.016685714,-0.001965714
102,"Fashion Brand Awareness",2025-03-12,168662,1907,0.01131,0.016232857,-0.004922857
102,"Fashion Brand Awareness",2025-03-13,157505,2779,0.01764,0.016318571,0.001321429
102,"Fashion Brand Awareness",2025-03-14,153062,2643,0.01727,0.016338571,0.000931429
102,"Fashion Brand Awareness",2025-03-15,170893,2534,0.01483,0.014947142,-0.000117142
102,"Fashion Brand Awareness",2025-03-16,158867,2977,0.01874,0.015251428,0.003488572
103,"B2B SaaS Lead Generation",2025-01-01,171473,3984,0.02323,0.023230000,0.000000000
103,"B2B SaaS Lead Generation",2025-01-02,168032,3343,0.01990,0.021565000,-0.001665000
103,"B2B SaaS Lead Generation",2025-01-03,164931,3651,0.02214,0.021756666,0.000383334
103,"B2B SaaS Lead Generation",2025-01-04,160988,3066,0.01904,0.021077500,-0.002037500
103,"B2B SaaS Lead Generation",2025-01-05,166554,3537,0.02124,0.021110000,0.000130000
103,"B2B SaaS Lead Generation",2025-01-06,170660,4848,0.02841,0.022326666,0.006083334
103,"B2B SaaS Lead Generation",2025-01-07,165567,4242,0.02562,0.022797142,0.002822858
103,"B2B SaaS Lead Generation",2025-01-08,169292,4219,0.02492,0.023038571,0.001881429
103,"B2B SaaS Lead Generation",2025-01-09,155752,3304,0.02121,0.023225714,-0.002015714
103,"B2B SaaS Lead Generation",2025-01-10,155389,4862,0.03129,0.024532857,0.006757143
103,"B2B SaaS Lead Generation",2025-01-11,155970,3389,0.02173,0.024917142,-0.003187142
103,"B2B SaaS Lead Generation",2025-01-12,178133,4597,0.02581,0.025570000,0.000240000
103,"B2B SaaS Lead Generation",2025-01-13,155905,3958,0.02539,0.025138571,0.000251429
103,"B2B SaaS Lead Generation",2025-01-14,159370,4158,0.02609,0.025205714,0.000884286
103,"B2B SaaS Lead Generation",2025-01-15,155430,4095,0.02635,0.025410000,0.000940000
103,"B2B SaaS Lead Generation",2025-01-16,163137,3391,0.02079,0.025350000,-0.004560000
103,"B2B SaaS Lead Generation",2025-01-17,160105,4236,0.02646,0.024660000,0.001800000
103,"B2B SaaS Lead Generation",2025-01-18,158358,3474,0.02194,0.024690000,-0.002750000
103,"B2B SaaS Lead Generation",2025-01-19,171739,3507,0.02042,0.023920000,-0.003500000
103,"B2B SaaS Lead Generation",2025-01-20,164957,4160,0.02522,0.023895714,0.001324286
103,"B2B SaaS Lead Generation",2025-01-21,157033,3532,0.02249,0.023381428,-0.000891428
103,"B2B SaaS Lead Generation",2025-01-22,161429,4039,0.02502,0.023191428,0.001828572
103,"B2B SaaS Lead Generation",2025-01-23,156300,3797,0.02429,0.023691428,0.000598572
103,"B2B SaaS Lead Generation",2025-01-24,170348,2949,0.01731,0.022384285,-0.005074285
103,"B2B SaaS Lead Generation",2025-01-25,171278,4566,0.02666,0.023058571,0.003601429
103,"B2B SaaS Lead Generation",2025-01-26,158326,4000,0.02526,0.023750000,0.001510000
103,"B2B SaaS Lead Generation",2025-01-27,160933,4484,0.02786,0.024127142,0.003732858
103,"B2B SaaS Lead Generation",2025-01-28,142777,3866,0.02708,0.024782857,0.002297143
103,"B2B SaaS Lead Generation",2025-01-29,167270,3129,0.01871,0.023881428,-0.005171428
103,"B2B SaaS Lead Generation",2025-01-30,152337,3342,0.02194,0.023545714,-0.001605714
103,"B2B SaaS Lead Generation",2025-01-31,176274,3529,0.02002,0.023932857,-0.003912857
103,"B2B SaaS Lead Generation",2025-02-01,166342,3458,0.02079,0.023094285,-0.002304285
103,"B2B SaaS Lead Generation",2025-02-02,161810,3171,0.01960,0.022285714,-0.002685714
103,"B2B SaaS Lead Generation",2025-02-03,157571,3822,0.02426,0.021771428,0.002488572
103,"B2B SaaS Lead Generation",2025-02-04,162109,4414,0.02723,0.021792857,0.005437143
103,"B2B SaaS Lead Generation",2025-02-05,161554,4244,0.02627,0.022872857,0.003397143
103,"B2B SaaS Lead Generation",2025-02-06,171210,3340,0.01951,0.022525714,-0.003015714
103,"B2B SaaS Lead Generation",2025-02-07,164527,3245,0.01972,0.022482857,-0.002762857
103,"B2B SaaS Lead Generation",2025-02-08,161579,4006,0.02479,0.023054285,0.001735715
103,"B2B SaaS Lead Generation",2025-02-09,167802,4107,0.02448,0.023751428,0.000728572
103,"B2B SaaS Lead Generation",2025-02-10,158422,3479,0.02196,0.023422857,-0.001462857
103,"B2B SaaS Lead Generation",2025-02-11,173053,4271,0.02468,0.023058571,0.001621429
103,"B2B SaaS Lead Generation",2025-02-12,158986,4409,0.02773,0.023267142,0.004462858
103,"B2B SaaS Lead Generation",2025-02-13,168822,4489,0.02659,0.024278571,0.002311429
103,"B2B SaaS Lead Generation",2025-02-14,167192,4856,0.02904,0.025610000,0.003430000
103,"B2B SaaS Lead Generation",2025-02-15,167182,4291,0.02567,0.025735714,-0.000065714
103,"B2B SaaS Lead Generation",2025-02-16,160734,3742,0.02328,0.025564285,-0.002284285
103,"B2B SaaS Lead Generation",2025-02-17,163517,4372,0.02674,0.026247142,0.000492858
103,"B2B SaaS Lead Generation",2025-02-18,157928,3271,0.02071,0.025680000,-0.004970000
103,"B2B SaaS Lead Generation",2025-02-19,156182,4397,0.02815,0.025740000,0.002410000
103,"B2B SaaS Lead Generation",2025-02-20,161232,3428,0.02126,0.024978571,-0.003718571
103,"B2B SaaS Lead Generation",2025-02-21,165961,3616,0.02179,0.023942857,-0.002152857
103,"B2B SaaS Lead Generation",2025-02-22,157177,3501,0.02227,0.023457142,-0.001187142
103,"B2B SaaS Lead Generation",2025-02-23,161863,3673,0.02269,0.023372857,-0.000682857
103,"B2B SaaS Lead Generation",2025-02-24,174601,3631,0.02080,0.022524285,-0.001724285
103,"B2B SaaS Lead Generation",2025-02-25,159935,4184,0.02616,0.023302857,0.002857143
103,"B2B SaaS Lead Generation",2025-02-26,171307,3473,0.02027,0.022177142,-0.001907142
103,"B2B SaaS Lead Generation",2025-02-27,169440,3440,0.02030,0.022040000,-0.001740000
103,"B2B SaaS Lead Generation",2025-02-28,165674,3080,0.01859,0.021582857,-0.002992857
103,"B2B SaaS Lead Generation",2025-03-01,165547,4105,0.02480,0.021944285,0.002855715
103,"B2B SaaS Lead Generation",2025-03-02,162023,3585,0.02213,0.021864285,0.000265715
103,"B2B SaaS Lead Generation",2025-03-03,172672,4049,0.02345,0.022242857,0.001207143
103,"B2B SaaS Lead Generation",2025-03-04,174037,3306,0.01900,0.021220000,-0.002220000
103,"B2B SaaS Lead Generation",2025-03-05,171933,3395,0.01975,0.021145714,-0.001395714
103,"B2B SaaS Lead Generation",2025-03-06,169542,4562,0.02691,0.022090000,0.004820000
103,"B2B SaaS Lead Generation",2025-03-07,153312,3341,0.02179,0.022547142,-0.000757142
103,"B2B SaaS Lead Generation",2025-03-08,173752,3014,0.01735,0.021482857,-0.004132857
103,"B2B SaaS Lead Generation",2025-03-09,164291,4231,0.02575,0.022000000,0.003750000
103,"B2B SaaS Lead Generation",2025-03-10,164544,3678,0.02235,0.021842857,0.000507143
103,"B2B SaaS Lead Generation",2025-03-11,163262,3152,0.01931,0.021887142,-0.002577142
103,"B2B SaaS Lead Generation",2025-03-12,156290,3899,0.02495,0.022630000,0.002320000
103,"B2B SaaS Lead Generation",2025-03-13,172896,2874,0.01662,0.021160000,-0.004540000
103,"B2B SaaS Lead Generation",2025-03-14,164154,3858,0.02350,0.021404285,0.002095715
103,"B2B SaaS Lead Generation",2025-03-15,180962,3858,0.02132,0.021971428,-0.000651428
103,"B2B SaaS Lead Generation",2025-03-16,163276,3492,0.02139,0.021348571,0.000041429
104,"New Fitness App Launch",2025-01-01,141941,2501,0.01762,0.017620000,0.000000000
104,"New Fitness App Launch",2025-01-02,137699,2242,0.01628,0.016950000,-0.000670000
104,"New Fitness App Launch",2025-01-03,135755,2823,0.02079,0.018230000,0.002560000
104,"New Fitness App Launch",2025-01-04,126372,2513,0.01989,0.018645000,0.001245000
104,"New Fitness App Launch",2025-01-05,122577,3112,0.02539,0.019994000,0.005396000
104,"New Fitness App Launch",2025-01-06,136654,2500,0.01829,0.019710000,-0.001420000
104,"New Fitness App Launch",2025-01-07,121551,3475,0.02859,0.020978571,0.007611429
104,"New Fitness App Launch",2025-01-08,134515,2360,0.01754,0.020967142,-0.003427142
104,"New Fitness App Launch",2025-01-09,140637,2911,0.02070,0.021598571,-0.000898571
104,"New Fitness App Launch",2025-01-10,132776,2418,0.01821,0.021230000,-0.003020000
104,"New Fitness App Launch",2025-01-11,141754,3230,0.02279,0.021644285,0.001145715
104,"New Fitness App Launch",2025-01-12,137146,2558,0.01865,0.020681428,-0.002031428
104,"New Fitness App Launch",2025-01-13,123855,3809,0.03075,0.022461428,0.008288572
104,"New Fitness App Launch",2025-01-14,132648,2286,0.01723,0.020838571,-0.003608571
104,"New Fitness App Launch",2025-01-15,129830,3941,0.03036,0.022670000,0.007690000
104,"New Fitness App Launch",2025-01-16,127188,3028,0.02381,0.023114285,0.000695715
104,"New Fitness App Launch",2025-01-17,140167,2426,0.01731,0.022985714,-0.005675714
104,"New Fitness App Launch",2025-01-18,138682,3341,0.02409,0.023171428,0.000918572
104,"New Fitness App Launch",2025-01-19,141339,2923,0.02068,0.023461428,-0.002781428
104,"New Fitness App Launch",2025-01-20,134288,3212,0.02392,0.022485714,0.001434286
104,"New Fitness App Launch",2025-01-21,149951,3063,0.02043,0.022942857,-0.002512857
104,"New Fitness App Launch",2025-01-22,135753,3413,0.02514,0.022197142,0.002942858
104,"New Fitness App Launch",2025-01-23,134606,2714,0.02016,0.021675714,-0.001515714
104,"New Fitness App Launch",2025-01-24,141885,2454,0.01730,0.021674285,-0.004374285
104,"New Fitness App Launch",2025-01-25,135917,3289,0.02420,0.021690000,0.002510000
104,"New Fitness App Launch",2025-01-26,131455,3367,0.02561,0.022394285,0.003215715
104,"New Fitness App Launch",2025-01-27,126418,3045,0.02409,0.022418571,0.001671429
104,"New Fitness App Launch",2025-01-28,133641,3357,0.02512,0.023088571,0.002031429
104,"New Fitness App Launch",2025-01-29,140530,2809,0.01999,0.022352857,-0.002362857
104,"New Fitness App Launch",2025-01-30,133660,2251,0.01684,0.021878571,-0.005038571
104,"New Fitness App Launch",2025-01-31,133625,2830,0.02118,0.022432857,-0.001252857
104,"New Fitness App Launch",2025-02-01,138222,2848,0.02060,0.021918571,-0.001318571
104,"New Fitness App Launch",2025-02-02,128462,3041,0.02367,0.021641428,0.002028572
104,"New Fitness App Launch",2025-02-03,133524,2828,0.02118,0.021225714,-0.000045714
104,"New Fitness App Launch",2025-02-04,120676,3241,0.02686,0.021474285,0.005385715
104,"New Fitness App Launch",2025-02-05,127523,3681,0.02887,0.022742857,0.006127143
104,"New Fitness App Launch",2025-02-06,133092,3270,0.02457,0.023847142,0.000722858
104,"New Fitness App Launch",2025-02-07,132802,2930,0.02206,0.023972857,-0.001912857
104,"New Fitness App Launch",2025-02-08,138101,3450,0.02498,0.024598571,0.000381429
104,"New Fitness App Launch",2025-02-09,140044,2462,0.01758,0.023728571,-0.006148571
104,"New Fitness App Launch",2025-02-10,141137,2691,0.01907,0.023427142,-0.004357142
104,"New Fitness App Launch",2025-02-11,143440,1736,0.01210,0.021318571,-0.009218571
104,"New Fitness App Launch",2025-02-12,126845,2514,0.01982,0.020025714,-0.000205714
104,"New Fitness App Launch",2025-02-13,137227,2594,0.01890,0.019215714,-0.000315714
104,"New Fitness App Launch",2025-02-14,126856,1848,0.01457,0.018145714,-0.003575714
104,"New Fitness App Launch",2025-02-15,133392,1977,0.01482,0.016694285,-0.001874285
104,"New Fitness App Launch",2025-02-16,134745,2763,0.02051,0.017112857,0.003397143
104,"New Fitness App Launch",2025-02-17,128924,2919,0.02264,0.017622857,0.005017143
104,"New Fitness App Launch",2025-02-18,130901,2453,0.01874,0.018571428,0.000168572
104,"New Fitness App Launch",2025-02-19,129690,2563,0.01976,0.018562857,0.001197143
104,"New Fitness App Launch",2025-02-20,129557,2434,0.01879,0.018547142,0.000242858
104,"New Fitness App Launch",2025-02-21,136346,2800,0.02054,0.019400000,0.001140000
104,"New Fitness App Launch",2025-02-22,135865,1838,0.01353,0.019215714,-0.005685714
104,"New Fitness App Launch",2025-02-23,139084,2095,0.01506,0.018437142,-0.003377142
104,"New Fitness App Launch",2025-02-24,145235,3305,0.02276,0.018454285,0.004305715
104,"New Fitness App Launch",2025-02-25,137060,3096,0.02259,0.019004285,0.003585715
104,"New Fitness App Launch",2025-02-26,146667,3216,0.02193,0.019314285,0.002615715
104,"New Fitness App Launch",2025-02-27,134404,3324,0.02473,0.020162857,0.004567143
104,"New Fitness App Launch",2025-02-28,130336,2620,0.02010,0.020100000,0.000000000
104,"New Fitness App Launch",2025-03-01,139110,3012,0.02165,0.021260000,0.000390000
104,"New Fitness App Launch",2025-03-02,132290,3118,0.02357,0.022475714,0.001094286
104,"New Fitness App Launch",2025-03-03,142162,3197,0.02249,0.022437142,0.000052858
104,"New Fitness App Launch",2025-03-04,137412,2125,0.01546,0.021418571,-0.005958571
104,"New Fitness App Launch",2025-03-05,135408,2488,0.01837,0.020910000,-0.002540000
104,"New Fitness App Launch",2025-03-06,138479,2780,0.02008,0.020245714,-0.000165714
104,"New Fitness App Launch",2025-03-07,130232,2616,0.02009,0.020244285,-0.000154285
104,"New Fitness App Launch",2025-03-08,136352,2222,0.01630,0.019480000,-0.003180000
104,"New Fitness App Launch",2025-03-09,139945,2825,0.02019,0.018997142,0.001192858
104,"New Fitness App Launch",2025-03-10,136200,2716,0.01994,0.018632857,0.001307143
104,"New Fitness App Launch",2025-03-11,132482,3123,0.02357,0.019791428,0.003778572
104,"New Fitness App Launch",2025-03-12,140725,3247,0.02307,0.020462857,0.002607143
104,"New Fitness App Launch",2025-03-13,134957,3077,0.02280,0.020851428,0.001948572
104,"New Fitness App Launch",2025-03-14,136576,2782,0.02037,0.020891428,-0.000521428
104,"New Fitness App Launch",2025-03-15,143036,2518,0.01760,0.021077142,-0.003477142
104,"New Fitness App Launch",2025-03-16,133476,3120,0.02337,0.021531428,0.001838572
105,"Monsoon Sale Campaign",2025-01-01,131537,3224,0.02451,0.024510000,0.000000000
105,"Monsoon Sale Campaign",2025-01-02,120562,1819,0.01509,0.019800000,-0.004710000
105,"Monsoon Sale Campaign",2025-01-03,116031,2780,0.02396,0.021186666,0.002773334
105,"Monsoon Sale Campaign",2025-01-04,111960,2459,0.02196,0.021380000,0.000580000
105,"Monsoon Sale Campaign",2025-01-05,114728,1997,0.01741,0.020586000,-0.003176000
105,"Monsoon Sale Campaign",2025-01-06,120414,2082,0.01729,0.020036666,-0.002746666
105,"Monsoon Sale Campaign",2025-01-07,123109,2524,0.02050,0.020102857,0.000397143
105,"Monsoon Sale Campaign",2025-01-08,115420,3601,0.03120,0.021058571,0.010141429
105,"Monsoon Sale Campaign",2025-01-09,119485,1834,0.01535,0.021095714,-0.005745714
105,"Monsoon Sale Campaign",2025-01-10,114067,2012,0.01764,0.020192857,-0.002552857
105,"Monsoon Sale Campaign",2025-01-11,121755,2287,0.01878,0.019738571,-0.000958571
105,"Monsoon Sale Campaign",2025-01-12,115706,1913,0.01653,0.019612857,-0.003082857
105,"Monsoon Sale Campaign",2025-01-13,121800,3037,0.02493,0.020704285,0.004225715
105,"Monsoon Sale Campaign",2025-01-14,111956,2354,0.02103,0.020780000,0.000250000
105,"Monsoon Sale Campaign",2025-01-15,123617,2121,0.01716,0.018774285,-0.001614285
105,"Monsoon Sale Campaign",2025-01-16,126482,2459,0.01944,0.019358571,0.000081429
105,"Monsoon Sale Campaign",2025-01-17,113416,2472,0.02180,0.019952857,0.001847143
105,"Monsoon Sale Campaign",2025-01-18,132022,2470,0.01871,0.019942857,-0.001232857
105,"Monsoon Sale Campaign",2025-01-19,116323,2208,0.01898,0.020292857,-0.001312857
105,"Monsoon Sale Campaign",2025-01-20,110301,2868,0.02600,0.020445714,0.005554286
105,"Monsoon Sale Campaign",2025-01-21,126623,1959,0.01547,0.019651428,-0.004181428
105,"Monsoon Sale Campaign",2025-01-22,121804,2154,0.01768,0.019725714,-0.002045714
105,"Monsoon Sale Campaign",2025-01-23,127637,2400,0.01880,0.019634285,-0.000834285
105,"Monsoon Sale Campaign",2025-01-24,123117,2807,0.02280,0.019777142,0.003022858
105,"Monsoon Sale Campaign",2025-01-25,118525,2167,0.01828,0.019715714,-0.001435714
105,"Monsoon Sale Campaign",2025-01-26,103462,2462,0.02380,0.020404285,0.003395715
105,"Monsoon Sale Campaign",2025-01-27,127199,2229,0.01752,0.019192857,-0.001672857
105,"Monsoon Sale Campaign",2025-01-28,108988,2340,0.02147,0.020050000,0.001420000
105,"Monsoon Sale Campaign",2025-01-29,119941,2127,0.01773,0.020057142,-0.002327142
105,"Monsoon Sale Campaign",2025-01-30,120364,2288,0.01901,0.020087142,-0.001077142
105,"Monsoon Sale Campaign",2025-01-31,120998,1926,0.01592,0.019104285,-0.003184285
105,"Monsoon Sale Campaign",2025-02-01,130545,2890,0.02214,0.019655714,0.002484286
105,"Monsoon Sale Campaign",2025-02-02,119519,3148,0.02634,0.020018571,0.006321429
105,"Monsoon Sale Campaign",2025-02-03,118986,2172,0.01825,0.020122857,-0.001872857
105,"Monsoon Sale Campaign",2025-02-04,125674,2049,0.01630,0.019384285,-0.003084285
105,"Monsoon Sale Campaign",2025-02-05,115518,2432,0.02105,0.019858571,0.001191429
105,"Monsoon Sale Campaign",2025-02-06,121781,2716,0.02230,0.020328571,0.001971429
105,"Monsoon Sale Campaign",2025-02-07,127047,1801,0.01418,0.020080000,-0.005900000
105,"Monsoon Sale Campaign",2025-02-08,115572,2916,0.02523,0.020521428,0.004708572
105,"Monsoon Sale Campaign",2025-02-09,122656,1611,0.01313,0.018634285,-0.005504285
105,"Monsoon Sale Campaign",2025-02-10,123742,2278,0.01841,0.018657142,-0.000247142
105,"Monsoon Sale Campaign",2025-02-11,102705,2883,0.02807,0.020338571,0.007731429
105,"Monsoon Sale Campaign",2025-02-12,110714,2136,0.01929,0.020087142,-0.000797142
105,"Monsoon Sale Campaign",2025-02-13,119677,2902,0.02425,0.020365714,0.003884286
105,"Monsoon Sale Campaign",2025-02-14,117681,3290,0.02796,0.022334285,0.005625715
105,"Monsoon Sale Campaign",2025-02-15,127451,2280,0.01789,0.021285714,-0.003395714
105,"Monsoon Sale Campaign",2025-02-16,130675,2105,0.01611,0.021711428,-0.005601428
105,"Monsoon Sale Campaign",2025-02-17,116768,2829,0.02423,0.022542857,0.001687143
105,"Monsoon Sale Campaign",2025-02-18,116410,2067,0.01776,0.021070000,-0.003310000
105,"Monsoon Sale Campaign",2025-02-19,107233,3068,0.02861,0.022401428,0.006208572
105,"Monsoon Sale Campaign",2025-02-20,125235,2035,0.01625,0.021258571,-0.005008571
105,"Monsoon Sale Campaign",2025-02-21,120765,1824,0.01510,0.019421428,-0.004321428
105,"Monsoon Sale Campaign",2025-02-22,120418,2531,0.02102,0.019868571,0.001151429
105,"Monsoon Sale Campaign",2025-02-23,109444,2699,0.02466,0.021090000,0.003570000
105,"Monsoon Sale Campaign",2025-02-24,115670,2541,0.02197,0.020767142,0.001202858
105,"Monsoon Sale Campaign",2025-02-25,129809,3410,0.02627,0.021982857,0.004287143
105,"Monsoon Sale Campaign",2025-02-26,116542,2307,0.01980,0.020724285,-0.000924285
105,"Monsoon Sale Campaign",2025-02-27,119626,2740,0.02290,0.021674285,0.001225715
105,"Monsoon Sale Campaign",2025-02-28,129017,2385,0.01849,0.022158571,-0.003668571
105,"Monsoon Sale Campaign",2025-03-01,115797,3425,0.02958,0.023381428,0.006198572
105,"Monsoon Sale Campaign",2025-03-02,121886,1844,0.01513,0.022020000,-0.006890000
105,"Monsoon Sale Campaign",2025-03-03,119416,2432,0.02037,0.021791428,-0.001421428
105,"Monsoon Sale Campaign",2025-03-04,122040,2752,0.02255,0.021260000,0.001290000
105,"Monsoon Sale Campaign",2025-03-05,121308,2167,0.01786,0.020982857,-0.003122857
105,"Monsoon Sale Campaign",2025-03-06,125280,3123,0.02493,0.021272857,0.003657143
105,"Monsoon Sale Campaign",2025-03-07,120437,2388,0.01983,0.021464285,-0.001634285
105,"Monsoon Sale Campaign",2025-03-08,126804,2190,0.01727,0.019705714,-0.002435714
105,"Monsoon Sale Campaign",2025-03-09,116517,2800,0.02403,0.020977142,0.003052858
105,"Monsoon Sale Campaign",2025-03-10,109651,2768,0.02524,0.021672857,0.003567143
105,"Monsoon Sale Campaign",2025-03-11,122713,2892,0.02357,0.021818571,0.001751429
105,"Monsoon Sale Campaign",2025-03-12,126103,3045,0.02415,0.022717142,0.001432858
105,"Monsoon Sale Campaign",2025-03-13,125347,2211,0.01764,0.021675714,-0.004035714
105,"Monsoon Sale Campaign",2025-03-14,120495,2299,0.01908,0.021568571,-0.002488571
105,"Monsoon Sale Campaign",2025-03-15,126284,2277,0.01803,0.021677142,-0.003647142
105,"Monsoon Sale Campaign",2025-03-16,116708,2891,0.02477,0.021782857,0.002987143
106,"Laptop Back to College",2025-01-01,110802,2183,0.01970,0.019700000,0.000000000
106,"Laptop Back to College",2025-01-02,109357,2176,0.01990,0.019800000,0.000100000
106,"Laptop Back to College",2025-01-03,120219,2307,0.01919,0.019596666,-0.000406666
106,"Laptop Back to College",2025-01-04,116237,2094,0.01801,0.019200000,-0.001190000
106,"Laptop Back to College",2025-01-05,108299,2323,0.02145,0.019650000,0.001800000
106,"Laptop Back to College",2025-01-06,116989,2277,0.01946,0.019618333,-0.000158333
106,"Laptop Back to College",2025-01-07,122276,2030,0.01660,0.019187142,-0.002587142
106,"Laptop Back to College",2025-01-08,113281,1501,0.01325,0.018265714,-0.005015714
106,"Laptop Back to College",2025-01-09,120580,1843,0.01528,0.017605714,-0.002325714
106,"Laptop Back to College",2025-01-10,109442,1431,0.01308,0.016732857,-0.003652857
106,"Laptop Back to College",2025-01-11,119167,2487,0.02087,0.017141428,0.003728572
106,"Laptop Back to College",2025-01-12,117417,2260,0.01925,0.016827142,0.002422858
106,"Laptop Back to College",2025-01-13,114615,2182,0.01904,0.016767142,0.002272858
106,"Laptop Back to College",2025-01-14,136277,1570,0.01152,0.016041428,-0.004521428
106,"Laptop Back to College",2025-01-15,124045,2487,0.02005,0.017012857,0.003037143
106,"Laptop Back to College",2025-01-16,115772,1819,0.01571,0.017074285,-0.001364285
106,"Laptop Back to College",2025-01-17,114000,2195,0.01925,0.017955714,0.001294286
106,"Laptop Back to College",2025-01-18,124418,2014,0.01619,0.017287142,-0.001097142
106,"Laptop Back to College",2025-01-19,110502,2069,0.01872,0.017211428,0.001508572
106,"Laptop Back to College",2025-01-20,112433,2572,0.02288,0.017760000,0.005120000
106,"Laptop Back to College",2025-01-21,128139,1720,0.01342,0.018031428,-0.004611428
106,"Laptop Back to College",2025-01-22,116682,1943,0.01665,0.017545714,-0.000895714
106,"Laptop Back to College",2025-01-23,107991,1781,0.01649,0.017657142,-0.001167142
106,"Laptop Back to College",2025-01-24,122596,1829,0.01492,0.017038571,-0.002118571
106,"Laptop Back to College",2025-01-25,115026,2122,0.01845,0.017361428,0.001088572
106,"Laptop Back to College",2025-01-26,125172,1638,0.01309,0.016557142,-0.003467142
106,"Laptop Back to College",2025-01-27,123737,2288,0.01849,0.015930000,0.002560000
106,"Laptop Back to College",2025-01-28,106183,1858,0.01750,0.016512857,0.000987143
106,"Laptop Back to College",2025-01-29,118903,2124,0.01786,0.016685714,0.001174286
106,"Laptop Back to College",2025-01-30,117561,1925,0.01637,0.016668571,-0.000298571
106,"Laptop Back to College",2025-01-31,114781,1650,0.01438,0.016591428,-0.002211428
106,"Laptop Back to College",2025-02-01,120552,2517,0.02088,0.016938571,0.003941429
106,"Laptop Back to College",2025-02-02,112759,1898,0.01683,0.017472857,-0.000642857
106,"Laptop Back to College",2025-02-03,119250,1603,0.01344,0.016751428,-0.003311428
106,"Laptop Back to College",2025-02-04,118276,1379,0.01166,0.015917142,-0.004257142
106,"Laptop Back to College",2025-02-05,115379,2036,0.01765,0.015887142,0.001762858
106,"Laptop Back to College",2025-02-06,108361,2046,0.01888,0.016245714,0.002634286
106,"Laptop Back to College",2025-02-07,126370,2427,0.01921,0.016935714,0.002274286
106,"Laptop Back to College",2025-02-08,122019,1785,0.01463,0.016042857,-0.001412857
106,"Laptop Back to College",2025-02-09,120035,2564,0.02136,0.016690000,0.004670000
106,"Laptop Back to College",2025-02-10,113994,1905,0.01671,0.017157142,-0.000447142
106,"Laptop Back to College",2025-02-11,110089,1967,0.01787,0.018044285,-0.000174285
106,"Laptop Back to College",2025-02-12,122369,1776,0.01451,0.017595714,-0.003085714
106,"Laptop Back to College",2025-02-13,115782,1892,0.01634,0.017232857,-0.000892857
106,"Laptop Back to College",2025-02-14,127323,1724,0.01354,0.016422857,-0.002882857
106,"Laptop Back to College",2025-02-15,112219,2833,0.02525,0.017940000,0.007310000
106,"Laptop Back to College",2025-02-16,120611,1755,0.01455,0.016967142,-0.002417142
106,"Laptop Back to College",2025-02-17,120038,2736,0.02279,0.017835714,0.004954286
106,"Laptop Back to College",2025-02-18,114199,1764,0.01545,0.017490000,-0.002040000
106,"Laptop Back to College",2025-02-19,109220,2364,0.02164,0.018508571,0.003131429
106,"Laptop Back to College",2025-02-20,116609,2506,0.02149,0.019244285,0.002245715
106,"Laptop Back to College",2025-02-21,120794,1979,0.01638,0.019650000,-0.003270000
106,"Laptop Back to College",2025-02-22,111909,1583,0.01415,0.018064285,-0.003914285
106,"Laptop Back to College",2025-02-23,116377,1620,0.01392,0.017974285,-0.004054285
106,"Laptop Back to College",2025-02-24,132688,2264,0.01706,0.017155714,-0.000095714
106,"Laptop Back to College",2025-02-25,125268,2057,0.01642,0.017294285,-0.000874285
106,"Laptop Back to College",2025-02-26,124556,2700,0.02168,0.017300000,0.004380000
106,"Laptop Back to College",2025-02-27,114718,2447,0.02133,0.017277142,0.004052858
106,"Laptop Back to College",2025-02-28,114311,1956,0.01711,0.017381428,-0.000271428
106,"Laptop Back to College",2025-03-01,119339,2100,0.01760,0.017874285,-0.000274285
106,"Laptop Back to College",2025-03-02,124495,2148,0.01725,0.018350000,-0.001100000
106,"Laptop Back to College",2025-03-03,123948,2221,0.01792,0.018472857,-0.000552857
106,"Laptop Back to College",2025-03-04,113774,3239,0.02847,0.020194285,0.008275715
106,"Laptop Back to College",2025-03-05,111379,2158,0.01938,0.019865714,-0.000485714
106,"Laptop Back to College",2025-03-06,121752,2322,0.01907,0.019542857,-0.000472857
106,"Laptop Back to College",2025-03-07,122640,1572,0.01282,0.018930000,-0.006110000
106,"Laptop Back to College",2025-03-08,124838,2001,0.01603,0.018705714,-0.002675714
106,"Laptop Back to College",2025-03-09,120392,2354,0.01955,0.019034285,0.000515715
106,"Laptop Back to College",2025-03-10,119178,2998,0.02516,0.020068571,0.005091429
106,"Laptop Back to College",2025-03-11,110666,1716,0.01551,0.018217142,-0.002707142
106,"Laptop Back to College",2025-03-12,122754,1898,0.01546,0.017657142,-0.002197142
106,"Laptop Back to College",2025-03-13,128598,2234,0.01737,0.017414285,-0.000044285
106,"Laptop Back to College",2025-03-14,132843,2150,0.01618,0.017894285,-0.001714285
106,"Laptop Back to College",2025-03-15,103294,2450,0.02372,0.018992857,0.004727143
106,"Laptop Back to College",2025-03-16,111862,2414,0.02158,0.019282857,0.002297143
107,"Travel Booking Promotion",2025-01-01,123390,2609,0.02114,0.021140000,0.000000000
107,"Travel Booking Promotion",2025-01-02,111445,2239,0.02009,0.020615000,-0.000525000
107,"Travel Booking Promotion",2025-01-03,116762,2901,0.02485,0.022026666,0.002823334
107,"Travel Booking Promotion",2025-01-04,114896,3527,0.03070,0.024195000,0.006505000
107,"Travel Booking Promotion",2025-01-05,123629,3257,0.02634,0.024624000,0.001716000
107,"Travel Booking Promotion",2025-01-06,109639,2991,0.02728,0.025066666,0.002213334
107,"Travel Booking Promotion",2025-01-07,108564,2623,0.02416,0.024937142,-0.000777142
107,"Travel Booking Promotion",2025-01-08,122253,2459,0.02011,0.024790000,-0.004680000
107,"Travel Booking Promotion",2025-01-09,122619,2193,0.01788,0.024474285,-0.006594285
107,"Travel Booking Promotion",2025-01-10,115949,2486,0.02144,0.023987142,-0.002547142
107,"Travel Booking Promotion",2025-01-11,111350,2201,0.01977,0.022425714,-0.002655714
107,"Travel Booking Promotion",2025-01-12,122722,2064,0.01682,0.021065714,-0.004245714
107,"Travel Booking Promotion",2025-01-13,111319,2035,0.01828,0.019780000,-0.001500000
107,"Travel Booking Promotion",2025-01-14,112486,2460,0.02187,0.019452857,0.002417143
107,"Travel Booking Promotion",2025-01-15,120926,2949,0.02439,0.020064285,0.004325715
107,"Travel Booking Promotion",2025-01-16,114137,2448,0.02145,0.020574285,0.000875715
107,"Travel Booking Promotion",2025-01-17,115500,2985,0.02584,0.021202857,0.004637143
107,"Travel Booking Promotion",2025-01-18,113065,2198,0.01944,0.021155714,-0.001715714
107,"Travel Booking Promotion",2025-01-19,122391,2127,0.01738,0.021235714,-0.003855714
107,"Travel Booking Promotion",2025-01-20,111694,1910,0.01710,0.021067142,-0.003967142
107,"Travel Booking Promotion",2025-01-21,118717,2512,0.02116,0.020965714,0.000194286
107,"Travel Booking Promotion",2025-01-22,109832,3897,0.03548,0.022550000,0.012930000
107,"Travel Booking Promotion",2025-01-23,104330,3305,0.03168,0.024011428,0.007668572
107,"Travel Booking Promotion",2025-01-24,117785,2235,0.01898,0.023031428,-0.004051428
107,"Travel Booking Promotion",2025-01-25,109338,2530,0.02314,0.023560000,-0.000420000
107,"Travel Booking Promotion",2025-01-26,111406,2467,0.02214,0.024240000,-0.002100000
107,"Travel Booking Promotion",2025-01-27,121293,3233,0.02665,0.025604285,0.001045715
107,"Travel Booking Promotion",2025-01-28,120641,2141,0.01775,0.025117142,-0.007367142
107,"Travel Booking Promotion",2025-01-29,119032,2307,0.01938,0.022817142,-0.003437142
107,"Travel Booking Promotion",2025-01-30,111805,3056,0.02733,0.022195714,0.005134286
107,"Travel Booking Promotion",2025-01-31,119909,2404,0.02005,0.022348571,-0.002298571
107,"Travel Booking Promotion",2025-02-01,115861,2780,0.02399,0.022470000,0.001520000
107,"Travel Booking Promotion",2025-02-02,109779,2225,0.02027,0.022202857,-0.001932857
107,"Travel Booking Promotion",2025-02-03,118169,2084,0.01764,0.020915714,-0.003275714
107,"Travel Booking Promotion",2025-02-04,111226,3000,0.02697,0.022232857,0.004737143
107,"Travel Booking Promotion",2025-02-05,118050,3222,0.02729,0.023362857,0.003927143
107,"Travel Booking Promotion",2025-02-06,121267,2562,0.02113,0.022477142,-0.001347142
107,"Travel Booking Promotion",2025-02-07,125498,2893,0.02305,0.022905714,0.000144286
107,"Travel Booking Promotion",2025-02-08,116381,2882,0.02476,0.023015714,0.001744286
107,"Travel Booking Promotion",2025-02-09,111230,2325,0.02090,0.023105714,-0.002205714
107,"Travel Booking Promotion",2025-02-10,125506,2752,0.02193,0.023718571,-0.001788571
107,"Travel Booking Promotion",2025-02-11,110116,2647,0.02404,0.023300000,0.000740000
107,"Travel Booking Promotion",2025-02-12,124140,2758,0.02222,0.022575714,-0.000355714
107,"Travel Booking Promotion",2025-02-13,119387,2546,0.02133,0.022604285,-0.001274285
107,"Travel Booking Promotion",2025-02-14,115405,2810,0.02435,0.022790000,0.001560000
107,"Travel Booking Promotion",2025-02-15,122972,3151,0.02562,0.022912857,0.002707143
107,"Travel Booking Promotion",2025-02-16,111287,3177,0.02855,0.024005714,0.004544286
107,"Travel Booking Promotion",2025-02-17,108352,2371,0.02188,0.023998571,-0.002118571
107,"Travel Booking Promotion",2025-02-18,117796,1993,0.01692,0.022981428,-0.006061428
107,"Travel Booking Promotion",2025-02-19,128039,2200,0.01718,0.022261428,-0.005081428
107,"Travel Booking Promotion",2025-02-20,107818,2064,0.01914,0.021948571,-0.002808571
107,"Travel Booking Promotion",2025-02-21,113531,2180,0.01920,0.021212857,-0.002012857
107,"Travel Booking Promotion",2025-02-22,120349,2460,0.02044,0.020472857,-0.000032857
107,"Travel Booking Promotion",2025-02-23,116276,2579,0.02218,0.019562857,0.002617143
107,"Travel Booking Promotion",2025-02-24,115899,3369,0.02907,0.020590000,0.008480000
107,"Travel Booking Promotion",2025-02-25,115959,2637,0.02274,0.021421428,0.001318572
107,"Travel Booking Promotion",2025-02-26,109287,3012,0.02756,0.022904285,0.004655715
107,"Travel Booking Promotion",2025-02-27,116159,3045,0.02621,0.023914285,0.002295715
107,"Travel Booking Promotion",2025-02-28,118809,2239,0.01885,0.023864285,-0.005014285
107,"Travel Booking Promotion",2025-03-01,103153,3036,0.02943,0.025148571,0.004281429
107,"Travel Booking Promotion",2025-03-02,123724,3037,0.02455,0.025487142,-0.000937142
107,"Travel Booking Promotion",2025-03-03,120270,1653,0.01374,0.023297142,-0.009557142
107,"Travel Booking Promotion",2025-03-04,114096,3504,0.03071,0.024435714,0.006274286
107,"Travel Booking Promotion",2025-03-05,122732,2963,0.02414,0.023947142,0.000192858
107,"Travel Booking Promotion",2025-03-06,112985,2795,0.02474,0.023737142,0.001002858
107,"Travel Booking Promotion",2025-03-07,120819,3234,0.02677,0.024868571,0.001901429
107,"Travel Booking Promotion",2025-03-08,114375,2730,0.02387,0.024074285,-0.000204285
107,"Travel Booking Promotion",2025-03-09,124710,2238,0.01795,0.023131428,-0.005181428
107,"Travel Booking Promotion",2025-03-10,118453,3369,0.02844,0.025231428,0.003208572
107,"Travel Booking Promotion",2025-03-11,112182,2795,0.02491,0.024402857,0.000507143
107,"Travel Booking Promotion",2025-03-12,118301,3000,0.02536,0.024577142,0.000782858
107,"Travel Booking Promotion",2025-03-13,117761,3448,0.02928,0.025225714,0.004054286
107,"Travel Booking Promotion",2025-03-14,122439,2194,0.01792,0.023961428,-0.006041428
107,"Travel Booking Promotion",2025-03-15,113948,3383,0.02969,0.024792857,0.004897143
107,"Travel Booking Promotion",2025-03-16,117502,2610,0.02221,0.025401428,-0.003191428
108,"Luxury Watch Promotion",2025-01-01,120512,3203,0.02658,0.026580000,0.000000000
108,"Luxury Watch Promotion",2025-01-02,139607,3263,0.02337,0.024975000,-0.001605000
108,"Luxury Watch Promotion",2025-01-03,115079,2065,0.01794,0.022630000,-0.004690000
108,"Luxury Watch Promotion",2025-01-04,130881,2649,0.02024,0.022032500,-0.001792500
108,"Luxury Watch Promotion",2025-01-05,130758,2109,0.01613,0.020852000,-0.004722000
108,"Luxury Watch Promotion",2025-01-06,133171,2458,0.01846,0.020453333,-0.001993333
108,"Luxury Watch Promotion",2025-01-07,128057,3264,0.02549,0.021172857,0.004317143
108,"Luxury Watch Promotion",2025-01-08,117971,2531,0.02145,0.020440000,0.001010000
108,"Luxury Watch Promotion",2025-01-09,125184,3403,0.02718,0.020984285,0.006195715
108,"Luxury Watch Promotion",2025-01-10,113430,2099,0.01850,0.021064285,-0.002564285
108,"Luxury Watch Promotion",2025-01-11,126598,2365,0.01868,0.020841428,-0.002161428
108,"Luxury Watch Promotion",2025-01-12,115083,2428,0.02110,0.021551428,-0.000451428
108,"Luxury Watch Promotion",2025-01-13,120354,2743,0.02279,0.022170000,0.000620000
108,"Luxury Watch Promotion",2025-01-14,120838,3160,0.02615,0.022264285,0.003885715
108,"Luxury Watch Promotion",2025-01-15,136916,2954,0.02158,0.022282857,-0.000702857
108,"Luxury Watch Promotion",2025-01-16,124352,3325,0.02674,0.022220000,0.004520000
108,"Luxury Watch Promotion",2025-01-17,122599,3042,0.02481,0.023121428,0.001688572
108,"Luxury Watch Promotion",2025-01-18,117233,3027,0.02582,0.024141428,0.001678572
108,"Luxury Watch Promotion",2025-01-19,123417,2490,0.02018,0.024010000,-0.003830000
108,"Luxury Watch Promotion",2025-01-20,141684,3551,0.02506,0.024334285,0.000725715
108,"Luxury Watch Promotion",2025-01-21,128565,2188,0.01702,0.023030000,-0.006010000
108,"Luxury Watch Promotion",2025-01-22,139167,2438,0.01752,0.022450000,-0.004930000
108,"Luxury Watch Promotion",2025-01-23,131688,3416,0.02594,0.022335714,0.003604286
108,"Luxury Watch Promotion",2025-01-24,118129,2740,0.02319,0.022104285,0.001085715
108,"Luxury Watch Promotion",2025-01-25,128378,2641,0.02057,0.021354285,-0.000784285
108,"Luxury Watch Promotion",2025-01-26,130095,3002,0.02308,0.021768571,0.001311429
108,"Luxury Watch Promotion",2025-01-27,131119,3144,0.02398,0.021614285,0.002365715
108,"Luxury Watch Promotion",2025-01-28,120459,2631,0.02184,0.022302857,-0.000462857
108,"Luxury Watch Promotion",2025-01-29,127964,2678,0.02093,0.022790000,-0.001860000
108,"Luxury Watch Promotion",2025-01-30,130674,2870,0.02196,0.022221428,-0.000261428
108,"Luxury Watch Promotion",2025-01-31,117862,2478,0.02102,0.021911428,-0.000891428
108,"Luxury Watch Promotion",2025-02-01,124328,3316,0.02667,0.022782857,0.003887143
108,"Luxury Watch Promotion",2025-02-02,117401,2063,0.01757,0.021995714,-0.004425714
108,"Luxury Watch Promotion",2025-02-03,116758,2272,0.01946,0.021350000,-0.001890000
108,"Luxury Watch Promotion",2025-02-04,133514,3611,0.02705,0.022094285,0.004955715
108,"Luxury Watch Promotion",2025-02-05,139810,2637,0.01886,0.021798571,-0.002938571
108,"Luxury Watch Promotion",2025-02-06,120564,2702,0.02241,0.021862857,0.000547143
108,"Luxury Watch Promotion",2025-02-07,119598,2610,0.02182,0.021977142,-0.000157142
108,"Luxury Watch Promotion",2025-02-08,120437,3358,0.02788,0.022150000,0.005730000
108,"Luxury Watch Promotion",2025-02-09,120173,3379,0.02812,0.023657142,0.004462858
108,"Luxury Watch Promotion",2025-02-10,121734,2840,0.02333,0.024210000,-0.000880000
108,"Luxury Watch Promotion",2025-02-11,143129,2754,0.01924,0.023094285,-0.003854285
108,"Luxury Watch Promotion",2025-02-12,123822,3172,0.02562,0.024060000,0.001560000
108,"Luxury Watch Promotion",2025-02-13,122988,2941,0.02391,0.024274285,-0.000364285
108,"Luxury Watch Promotion",2025-02-14,125854,2074,0.01648,0.023511428,-0.007031428
108,"Luxury Watch Promotion",2025-02-15,130165,2590,0.01990,0.022371428,-0.002471428
108,"Luxury Watch Promotion",2025-02-16,125424,1905,0.01519,0.020524285,-0.005334285
108,"Luxury Watch Promotion",2025-02-17,131411,2597,0.01976,0.020014285,-0.000254285
108,"Luxury Watch Promotion",2025-02-18,113316,3144,0.02775,0.021230000,0.006520000
108,"Luxury Watch Promotion",2025-02-19,127053,3049,0.02400,0.020998571,0.003001429
108,"Luxury Watch Promotion",2025-02-20,124822,2650,0.02123,0.020615714,0.000614286
108,"Luxury Watch Promotion",2025-02-21,117944,2420,0.02052,0.021192857,-0.000672857
108,"Luxury Watch Promotion",2025-02-22,126227,2598,0.02058,0.021290000,-0.000710000
108,"Luxury Watch Promotion",2025-02-23,123502,3065,0.02482,0.022665714,0.002154286
108,"Luxury Watch Promotion",2025-02-24,125592,1981,0.01577,0.022095714,-0.006325714
108,"Luxury Watch Promotion",2025-02-25,129634,2510,0.01936,0.020897142,-0.001537142
108,"Luxury Watch Promotion",2025-02-26,132362,2911,0.02199,0.020610000,0.001380000
108,"Luxury Watch Promotion",2025-02-27,129757,1988,0.01532,0.019765714,-0.004445714
108,"Luxury Watch Promotion",2025-02-28,136852,2732,0.01996,0.019685714,0.000274286
108,"Luxury Watch Promotion",2025-03-01,118781,2901,0.02442,0.020234285,0.004185715
108,"Luxury Watch Promotion",2025-03-02,124726,3206,0.02570,0.020360000,0.005340000
108,"Luxury Watch Promotion",2025-03-03,125236,2419,0.01932,0.020867142,-0.001547142
108,"Luxury Watch Promotion",2025-03-04,121135,2939,0.02426,0.021567142,0.002692858
108,"Luxury Watch Promotion",2025-03-05,130088,2522,0.01939,0.021195714,-0.001805714
108,"Luxury Watch Promotion",2025-03-06,118092,3364,0.02849,0.023077142,0.005412858
108,"Luxury Watch Promotion",2025-03-07,119082,2621,0.02201,0.023370000,-0.001360000
108,"Luxury Watch Promotion",2025-03-08,123106,3084,0.02505,0.023460000,0.001590000
108,"Luxury Watch Promotion",2025-03-09,132992,3100,0.02331,0.023118571,0.000191429
108,"Luxury Watch Promotion",2025-03-10,123952,3528,0.02846,0.024424285,0.004035715
108,"Luxury Watch Promotion",2025-03-11,117030,2976,0.02543,0.024591428,0.000838572
108,"Luxury Watch Promotion",2025-03-12,126015,2320,0.01841,0.024451428,-0.006041428
108,"Luxury Watch Promotion",2025-03-13,126834,3359,0.02648,0.024164285,0.002315715
108,"Luxury Watch Promotion",2025-03-14,113271,3016,0.02663,0.024824285,0.001805715
108,"Luxury Watch Promotion",2025-03-15,126563,2657,0.02099,0.024244285,-0.003254285
108,"Luxury Watch Promotion",2025-03-16,125954,2346,0.01863,0.023575714,-0.004945714
109,"Cloud Software Awareness",2025-01-01,125159,2595,0.02073,0.020730000,0.000000000
109,"Cloud Software Awareness",2025-01-02,116508,2248,0.01929,0.020010000,-0.000720000
109,"Cloud Software Awareness",2025-01-03,119985,3240,0.02700,0.022340000,0.004660000
109,"Cloud Software Awareness",2025-01-04,117957,2002,0.01697,0.020997500,-0.004027500
109,"Cloud Software Awareness",2025-01-05,119353,2872,0.02406,0.021610000,0.002450000
109,"Cloud Software Awareness",2025-01-06,117595,2592,0.02204,0.021681666,0.000358334
109,"Cloud Software Awareness",2025-01-07,119568,2546,0.02129,0.021625714,-0.000335714
109,"Cloud Software Awareness",2025-01-08,119763,2316,0.01934,0.021427142,-0.002087142
109,"Cloud Software Awareness",2025-01-09,114371,2747,0.02402,0.022102857,0.001917143
109,"Cloud Software Awareness",2025-01-10,126971,1841,0.01450,0.020317142,-0.005817142
109,"Cloud Software Awareness",2025-01-11,114341,3159,0.02763,0.021840000,0.005790000
109,"Cloud Software Awareness",2025-01-12,116704,3220,0.02759,0.022344285,0.005245715
109,"Cloud Software Awareness",2025-01-13,133096,2381,0.01789,0.021751428,-0.003861428
109,"Cloud Software Awareness",2025-01-14,112117,2738,0.02442,0.022198571,0.002221429
109,"Cloud Software Awareness",2025-01-15,115118,2094,0.01819,0.022034285,-0.003844285
109,"Cloud Software Awareness",2025-01-16,119724,2439,0.02037,0.021512857,-0.001142857
109,"Cloud Software Awareness",2025-01-17,126503,2998,0.02370,0.022827142,0.000872858
109,"Cloud Software Awareness",2025-01-18,120111,2291,0.01907,0.021604285,-0.002534285
109,"Cloud Software Awareness",2025-01-19,122636,3286,0.02679,0.021490000,0.005300000
109,"Cloud Software Awareness",2025-01-20,121984,3198,0.02622,0.022680000,0.003540000
109,"Cloud Software Awareness",2025-01-21,129242,3858,0.02985,0.023455714,0.006394286
109,"Cloud Software Awareness",2025-01-22,117914,2410,0.02044,0.023777142,-0.003337142
109,"Cloud Software Awareness",2025-01-23,123787,2396,0.01936,0.023632857,-0.004272857
109,"Cloud Software Awareness",2025-01-24,118588,2443,0.02060,0.023190000,-0.002590000
109,"Cloud Software Awareness",2025-01-25,124549,2132,0.01712,0.022911428,-0.005791428
109,"Cloud Software Awareness",2025-01-26,122739,3434,0.02798,0.023081428,0.004898572
109,"Cloud Software Awareness",2025-01-27,125337,2034,0.01623,0.021654285,-0.005424285
109,"Cloud Software Awareness",2025-01-28,122643,2129,0.01736,0.019870000,-0.002510000
109,"Cloud Software Awareness",2025-01-29,123099,2592,0.02106,0.019958571,0.001101429
109,"Cloud Software Awareness",2025-01-30,121671,2355,0.01936,0.019958571,-0.000598571
109,"Cloud Software Awareness",2025-01-31,125718,2554,0.02032,0.019918571,0.000401429
109,"Cloud Software Awareness",2025-02-01,116431,3307,0.02840,0.021530000,0.006870000
109,"Cloud Software Awareness",2025-02-02,119504,3613,0.03023,0.021851428,0.008378572
109,"Cloud Software Awareness",2025-02-03,122914,2229,0.01813,0.022122857,-0.003992857
109,"Cloud Software Awareness",2025-02-04,115847,2717,0.02345,0.022992857,0.000457143
109,"Cloud Software Awareness",2025-02-05,121394,2451,0.02019,0.022868571,-0.002678571
109,"Cloud Software Awareness",2025-02-06,125928,2012,0.01598,0.022385714,-0.006405714
109,"Cloud Software Awareness",2025-02-07,109309,3243,0.02967,0.023721428,0.005948572
109,"Cloud Software Awareness",2025-02-08,126657,2716,0.02144,0.022727142,-0.001287142
109,"Cloud Software Awareness",2025-02-09,129924,2803,0.02157,0.021490000,0.000080000
109,"Cloud Software Awareness",2025-02-10,122095,3133,0.02566,0.022565714,0.003094286
109,"Cloud Software Awareness",2025-02-11,126574,2081,0.01644,0.021564285,-0.005124285
109,"Cloud Software Awareness",2025-02-12,124765,2006,0.01608,0.020977142,-0.004897142
109,"Cloud Software Awareness",2025-02-13,130509,2271,0.01740,0.021180000,-0.003780000
109,"Cloud Software Awareness",2025-02-14,121278,3703,0.03053,0.021302857,0.009227143
109,"Cloud Software Awareness",2025-02-15,112566,2410,0.02141,0.021298571,0.000111429
109,"Cloud Software Awareness",2025-02-16,112421,2448,0.02178,0.021328571,0.000451429
109,"Cloud Software Awareness",2025-02-17,128300,3840,0.02993,0.021938571,0.007991429
109,"Cloud Software Awareness",2025-02-18,126712,2013,0.01589,0.021860000,-0.005970000
109,"Cloud Software Awareness",2025-02-19,115657,2131,0.01843,0.022195714,-0.003765714
109,"Cloud Software Awareness",2025-02-20,121763,2821,0.02317,0.023020000,0.000150000
109,"Cloud Software Awareness",2025-02-21,123978,2893,0.02333,0.021991428,0.001338572
109,"Cloud Software Awareness",2025-02-22,126712,2001,0.01579,0.021188571,-0.005398571
109,"Cloud Software Awareness",2025-02-23,127542,2292,0.01797,0.020644285,-0.002674285
109,"Cloud Software Awareness",2025-02-24,115711,2256,0.01950,0.019154285,0.000345715
109,"Cloud Software Awareness",2025-02-25,122854,1863,0.01516,0.019050000,-0.003890000
109,"Cloud Software Awareness",2025-02-26,127553,2879,0.02257,0.019641428,0.002928572
109,"Cloud Software Awareness",2025-02-27,113608,3495,0.03076,0.020725714,0.010034286
109,"Cloud Software Awareness",2025-02-28,122447,2640,0.02156,0.020472857,0.001087143
109,"Cloud Software Awareness",2025-03-01,116087,2069,0.01782,0.020762857,-0.002942857
109,"Cloud Software Awareness",2025-03-02,121708,2666,0.02190,0.021324285,0.000575715
109,"Cloud Software Awareness",2025-03-03,123583,2856,0.02311,0.021840000,0.001270000
109,"Cloud Software Awareness",2025-03-04,129560,2541,0.01961,0.022475714,-0.002865714
109,"Cloud Software Awareness",2025-03-05,115745,2461,0.02126,0.022288571,-0.001028571
109,"Cloud Software Awareness",2025-03-06,129686,2963,0.02285,0.021158571,0.001691429
109,"Cloud Software Awareness",2025-03-07,114892,3119,0.02715,0.021957142,0.005192858
109,"Cloud Software Awareness",2025-03-08,126552,1883,0.01488,0.021537142,-0.006657142
109,"Cloud Software Awareness",2025-03-09,114569,2508,0.02189,0.021535714,0.000354286
109,"Cloud Software Awareness",2025-03-10,128559,2576,0.02004,0.021097142,-0.001057142
109,"Cloud Software Awareness",2025-03-11,130685,2722,0.02083,0.021271428,-0.000441428
109,"Cloud Software Awareness",2025-03-12,105566,3047,0.02886,0.022357142,0.006502858
109,"Cloud Software Awareness",2025-03-13,118673,2332,0.01965,0.021900000,-0.002250000
109,"Cloud Software Awareness",2025-03-14,120946,2441,0.02018,0.020904285,-0.000724285
109,"Cloud Software Awareness",2025-03-15,116837,3862,0.03305,0.023500000,0.009550000
109,"Cloud Software Awareness",2025-03-16,129469,2107,0.01627,0.022697142,-0.006427142
110,"Mobile Game Launch",2025-01-01,128357,1988,0.01549,0.015490000,0.000000000
110,"Mobile Game Launch",2025-01-02,117332,2934,0.02501,0.020250000,0.004760000
110,"Mobile Game Launch",2025-01-03,114108,3355,0.02940,0.023300000,0.006100000
110,"Mobile Game Launch",2025-01-04,122022,2180,0.01787,0.021942500,-0.004072500
110,"Mobile Game Launch",2025-01-05,123334,2435,0.01974,0.021502000,-0.001762000
110,"Mobile Game Launch",2025-01-06,114964,1937,0.01685,0.020726666,-0.003876666
110,"Mobile Game Launch",2025-01-07,126570,2054,0.01623,0.020084285,-0.003854285
110,"Mobile Game Launch",2025-01-08,119530,3385,0.02832,0.021917142,0.006402858
110,"Mobile Game Launch",2025-01-09,128053,2316,0.01809,0.020928571,-0.002838571
110,"Mobile Game Launch",2025-01-10,113586,2367,0.02084,0.019705714,0.001134286
110,"Mobile Game Launch",2025-01-11,116727,1768,0.01515,0.019317142,-0.004167142
110,"Mobile Game Launch",2025-01-12,121205,2301,0.01898,0.019208571,-0.000228571
110,"Mobile Game Launch",2025-01-13,121766,2476,0.02033,0.019705714,0.000624286
110,"Mobile Game Launch",2025-01-14,119164,3018,0.02533,0.021005714,0.004324286
110,"Mobile Game Launch",2025-01-15,124746,2283,0.01830,0.019574285,-0.001274285
110,"Mobile Game Launch",2025-01-16,108766,2879,0.02647,0.020771428,0.005698572
110,"Mobile Game Launch",2025-01-17,131774,2538,0.01926,0.020545714,-0.001285714
110,"Mobile Game Launch",2025-01-18,118943,2110,0.01774,0.020915714,-0.003175714
110,"Mobile Game Launch",2025-01-19,125470,2734,0.02179,0.021317142,0.000472858
110,"Mobile Game Launch",2025-01-20,121047,2177,0.01798,0.020981428,-0.003001428
110,"Mobile Game Launch",2025-01-21,122490,2177,0.01777,0.019901428,-0.002131428
110,"Mobile Game Launch",2025-01-22,120497,2413,0.02003,0.020148571,-0.000118571
110,"Mobile Game Launch",2025-01-23,123273,2710,0.02198,0.019507142,0.002472858
110,"Mobile Game Launch",2025-01-24,117729,2757,0.02342,0.020101428,0.003318572
110,"Mobile Game Launch",2025-01-25,120800,3146,0.02604,0.021287142,0.004752858
110,"Mobile Game Launch",2025-01-26,118612,2261,0.01906,0.020897142,-0.001837142
110,"Mobile Game Launch",2025-01-27,113518,2661,0.02344,0.021677142,0.001762858
110,"Mobile Game Launch",2025-01-28,125090,1718,0.01373,0.021100000,-0.007370000
110,"Mobile Game Launch",2025-01-29,125589,2126,0.01693,0.020657142,-0.003727142
110,"Mobile Game Launch",2025-01-30,124645,2628,0.02108,0.020528571,0.000551429
110,"Mobile Game Launch",2025-01-31,126435,3017,0.02386,0.020591428,0.003268572
110,"Mobile Game Launch",2025-02-01,128154,2517,0.01964,0.019677142,-0.000037142
110,"Mobile Game Launch",2025-02-02,115868,2604,0.02247,0.020164285,0.002305715
110,"Mobile Game Launch",2025-02-03,134759,1954,0.01450,0.018887142,-0.004387142
110,"Mobile Game Launch",2025-02-04,121334,1790,0.01475,0.019032857,-0.004282857
110,"Mobile Game Launch",2025-02-05,138571,2478,0.01788,0.019168571,-0.001288571
110,"Mobile Game Launch",2025-02-06,120647,2792,0.02314,0.019462857,0.003677143
110,"Mobile Game Launch",2025-02-07,114044,3387,0.02970,0.020297142,0.009402858
110,"Mobile Game Launch",2025-02-08,122095,2704,0.02215,0.020655714,0.001494286
110,"Mobile Game Launch",2025-02-09,121947,2756,0.02260,0.020674285,0.001925715
110,"Mobile Game Launch",2025-02-10,118852,2150,0.01809,0.021187142,-0.003097142
110,"Mobile Game Launch",2025-02-11,131786,2906,0.02205,0.022230000,-0.000180000
110,"Mobile Game Launch",2025-02-12,109128,1911,0.01751,0.022177142,-0.004667142
110,"Mobile Game Launch",2025-02-13,116579,2259,0.01938,0.021640000,-0.002260000
110,"Mobile Game Launch",2025-02-14,136779,2169,0.01586,0.019662857,-0.003802857
110,"Mobile Game Launch",2025-02-15,123380,2507,0.02032,0.019401428,0.000918572
110,"Mobile Game Launch",2025-02-16,122334,2886,0.02359,0.019542857,0.004047143
110,"Mobile Game Launch",2025-02-17,108688,2555,0.02351,0.020317142,0.003192858
110,"Mobile Game Launch",2025-02-18,130211,3687,0.02832,0.021212857,0.007107143
110,"Mobile Game Launch",2025-02-19,113202,2350,0.02076,0.021677142,-0.000917142
110,"Mobile Game Launch",2025-02-20,130351,2946,0.02260,0.022137142,0.000462858
110,"Mobile Game Launch",2025-02-21,110442,1965,0.01779,0.022412857,-0.004622857
110,"Mobile Game Launch",2025-02-22,118568,3534,0.02981,0.023768571,0.006041429
110,"Mobile Game Launch",2025-02-23,125202,2069,0.01653,0.022760000,-0.006230000
110,"Mobile Game Launch",2025-02-24,121476,2453,0.02019,0.022285714,-0.002095714
110,"Mobile Game Launch",2025-02-25,121861,2375,0.01949,0.021024285,-0.001534285
110,"Mobile Game Launch",2025-02-26,119856,2820,0.02353,0.021420000,0.002110000
110,"Mobile Game Launch",2025-02-27,129678,2429,0.01873,0.020867142,-0.002137142
110,"Mobile Game Launch",2025-02-28,121302,3350,0.02762,0.022271428,0.005348572
110,"Mobile Game Launch",2025-03-01,118194,2052,0.01736,0.020492857,-0.003132857
110,"Mobile Game Launch",2025-03-02,127141,1837,0.01445,0.020195714,-0.005745714
110,"Mobile Game Launch",2025-03-03,123403,2641,0.02140,0.020368571,0.001031429
110,"Mobile Game Launch",2025-03-04,120587,3093,0.02565,0.021248571,0.004401429
110,"Mobile Game Launch",2025-03-05,124486,2541,0.02041,0.020802857,-0.000392857
110,"Mobile Game Launch",2025-03-06,115346,2617,0.02269,0.021368571,0.001321429
110,"Mobile Game Launch",2025-03-07,110734,2288,0.02066,0.020374285,0.000285715
110,"Mobile Game Launch",2025-03-08,123637,2698,0.02182,0.021011428,0.000808572
110,"Mobile Game Launch",2025-03-09,119646,2532,0.02116,0.021970000,-0.000810000
110,"Mobile Game Launch",2025-03-10,114715,2431,0.02119,0.021940000,-0.000750000
110,"Mobile Game Launch",2025-03-11,130527,2159,0.01654,0.020638571,-0.004098571
110,"Mobile Game Launch",2025-03-12,127360,1895,0.01488,0.019848571,-0.004968571
110,"Mobile Game Launch",2025-03-13,116323,3321,0.02855,0.020685714,0.007864286
110,"Mobile Game Launch",2025-03-14,127515,3326,0.02608,0.021460000,0.004620000
110,"Mobile Game Launch",2025-03-15,125821,2736,0.02175,0.021450000,0.000300000
110,"Mobile Game Launch",2025-03-16,121906,2643,0.02168,0.021524285,0.000155715
111,"Festival Electronics Deals",2025-01-01,121955,1413,0.01159,0.011590000,0.000000000
111,"Festival Electronics Deals",2025-01-02,120499,1777,0.01475,0.013170000,0.001580000
111,"Festival Electronics Deals",2025-01-03,117155,1600,0.01366,0.013333333,0.000326667
111,"Festival Electronics Deals",2025-01-04,114906,2527,0.02199,0.015497500,0.006492500
111,"Festival Electronics Deals",2025-01-05,118299,1999,0.01690,0.015778000,0.001122000
111,"Festival Electronics Deals",2025-01-06,116452,2096,0.01800,0.016148333,0.001851667
111,"Festival Electronics Deals",2025-01-07,126634,2040,0.01611,0.016142857,-0.000032857
111,"Festival Electronics Deals",2025-01-08,113621,2054,0.01808,0.017070000,0.001010000
111,"Festival Electronics Deals",2025-01-09,125954,2603,0.02067,0.017915714,0.002754286
111,"Festival Electronics Deals",2025-01-10,115568,1995,0.01726,0.018430000,-0.001170000
111,"Festival Electronics Deals",2025-01-11,115458,2197,0.01903,0.018007142,0.001022858
111,"Festival Electronics Deals",2025-01-12,117245,2449,0.02089,0.018577142,0.002312858
111,"Festival Electronics Deals",2025-01-13,109468,2308,0.02108,0.019017142,0.002062858
111,"Festival Electronics Deals",2025-01-14,127190,1792,0.01409,0.018728571,-0.004638571
111,"Festival Electronics Deals",2025-01-15,121950,2253,0.01847,0.018784285,-0.000314285
111,"Festival Electronics Deals",2025-01-16,121362,2499,0.02059,0.018772857,0.001817143
111,"Festival Electronics Deals",2025-01-17,108946,2643,0.02426,0.019772857,0.004487143
111,"Festival Electronics Deals",2025-01-18,116655,1550,0.01329,0.018952857,-0.005662857
111,"Festival Electronics Deals",2025-01-19,112320,1935,0.01723,0.018430000,-0.001200000
111,"Festival Electronics Deals",2025-01-20,115663,2063,0.01784,0.017967142,-0.000127142
111,"Festival Electronics Deals",2025-01-21,103065,2269,0.02202,0.019100000,0.002920000
111,"Festival Electronics Deals",2025-01-22,119404,1421,0.01190,0.018161428,-0.006261428
111,"Festival Electronics Deals",2025-01-23,112025,1712,0.01528,0.017402857,-0.002122857
111,"Festival Electronics Deals",2025-01-24,116001,1778,0.01533,0.016127142,-0.000797142
111,"Festival Electronics Deals",2025-01-25,116796,2022,0.01731,0.016701428,0.000608572
111,"Festival Electronics Deals",2025-01-26,126253,1601,0.01268,0.016051428,-0.003371428
111,"Festival Electronics Deals",2025-01-27,111373,1513,0.01358,0.015442857,-0.001862857
111,"Festival Electronics Deals",2025-01-28,114843,1824,0.01588,0.014565714,0.001314286
111,"Festival Electronics Deals",2025-01-29,118629,2709,0.02284,0.016128571,0.006711429
111,"Festival Electronics Deals",2025-01-30,111705,2246,0.02011,0.016818571,0.003291429
111,"Festival Electronics Deals",2025-01-31,118376,1993,0.01684,0.017034285,-0.000194285
111,"Festival Electronics Deals",2025-02-01,120471,2433,0.02020,0.017447142,0.002752858
111,"Festival Electronics Deals",2025-02-02,116723,1915,0.01641,0.017980000,-0.001570000
111,"Festival Electronics Deals",2025-02-03,119688,1767,0.01476,0.018148571,-0.003388571
111,"Festival Electronics Deals",2025-02-04,128346,1335,0.01040,0.017365714,-0.006965714
111,"Festival Electronics Deals",2025-02-05,106210,2641,0.02487,0.017655714,0.007214286
111,"Festival Electronics Deals",2025-02-06,114537,2033,0.01775,0.017318571,0.000431429
111,"Festival Electronics Deals",2025-02-07,124156,1959,0.01578,0.017167142,-0.001387142
111,"Festival Electronics Deals",2025-02-08,124335,2084,0.01676,0.016675714,0.000084286
111,"Festival Electronics Deals",2025-02-09,128524,2115,0.01646,0.016682857,-0.000222857
111,"Festival Electronics Deals",2025-02-10,114848,2445,0.02129,0.017615714,0.003674286
111,"Festival Electronics Deals",2025-02-11,119872,3359,0.02802,0.020132857,0.007887143
111,"Festival Electronics Deals",2025-02-12,123183,1767,0.01434,0.018628571,-0.004288571
111,"Festival Electronics Deals",2025-02-13,120550,2342,0.01943,0.018868571,0.000561429
111,"Festival Electronics Deals",2025-02-14,116284,2368,0.02036,0.019522857,0.000837143
111,"Festival Electronics Deals",2025-02-15,114998,1847,0.01606,0.019422857,-0.003362857
111,"Festival Electronics Deals",2025-02-16,112481,1536,0.01366,0.019022857,-0.005362857
111,"Festival Electronics Deals",2025-02-17,119330,2154,0.01805,0.018560000,-0.000510000
111,"Festival Electronics Deals",2025-02-18,117229,2077,0.01772,0.017088571,0.000631429
111,"Festival Electronics Deals",2025-02-19,118331,1884,0.01592,0.017314285,-0.001394285
111,"Festival Electronics Deals",2025-02-20,120832,2281,0.01888,0.017235714,0.001644286
111,"Festival Electronics Deals",2025-02-21,120737,1618,0.01340,0.016241428,-0.002841428
111,"Festival Electronics Deals",2025-02-22,125839,2661,0.02115,0.016968571,0.004181429
111,"Festival Electronics Deals",2025-02-23,120256,2081,0.01730,0.017488571,-0.000188571
111,"Festival Electronics Deals",2025-02-24,127184,2036,0.01601,0.017197142,-0.001187142
111,"Festival Electronics Deals",2025-02-25,122390,3410,0.02786,0.018645714,0.009214286
111,"Festival Electronics Deals",2025-02-26,111127,2071,0.01864,0.019034285,-0.000394285
111,"Festival Electronics Deals",2025-02-27,106965,1464,0.01369,0.018292857,-0.004602857
111,"Festival Electronics Deals",2025-02-28,116087,2526,0.02176,0.019487142,0.002272858
111,"Festival Electronics Deals",2025-03-01,116888,2672,0.02286,0.019731428,0.003128572
111,"Festival Electronics Deals",2025-03-02,109131,2353,0.02156,0.020340000,0.001220000
111,"Festival Electronics Deals",2025-03-03,117950,2170,0.01840,0.020681428,-0.002281428
111,"Festival Electronics Deals",2025-03-04,118952,3276,0.02754,0.020635714,0.006904286
111,"Festival Electronics Deals",2025-03-05,118828,3239,0.02726,0.021867142,0.005392858
111,"Festival Electronics Deals",2025-03-06,114000,1727,0.01515,0.022075714,-0.006925714
111,"Festival Electronics Deals",2025-03-07,113440,1443,0.01272,0.020784285,-0.008064285
111,"Festival Electronics Deals",2025-03-08,107923,2025,0.01876,0.020198571,-0.001438571
111,"Festival Electronics Deals",2025-03-09,121322,1543,0.01272,0.018935714,-0.006215714
111,"Festival Electronics Deals",2025-03-10,108818,2496,0.02294,0.019584285,0.003355715
111,"Festival Electronics Deals",2025-03-11,117251,2478,0.02113,0.018668571,0.002461429
111,"Festival Electronics Deals",2025-03-12,116469,1929,0.01656,0.017140000,-0.000580000
111,"Festival Electronics Deals",2025-03-13,116188,2175,0.01872,0.017650000,0.001070000
111,"Festival Electronics Deals",2025-03-14,111224,2336,0.02100,0.018832857,0.002167143
111,"Festival Electronics Deals",2025-03-15,119045,2292,0.01925,0.018902857,0.000347143
111,"Festival Electronics Deals",2025-03-16,116879,2227,0.01905,0.019807142,-0.000757142
112,"Beauty Product Launch",2025-01-01,146781,3560,0.02425,0.024250000,0.000000000
112,"Beauty Product Launch",2025-01-02,151638,2946,0.01943,0.021840000,-0.002410000
112,"Beauty Product Launch",2025-01-03,142174,3267,0.02298,0.022220000,0.000760000
112,"Beauty Product Launch",2025-01-04,152452,3651,0.02395,0.022652500,0.001297500
112,"Beauty Product Launch",2025-01-05,155767,4316,0.02771,0.023664000,0.004046000
112,"Beauty Product Launch",2025-01-06,145516,2658,0.01827,0.022765000,-0.004495000
112,"Beauty Product Launch",2025-01-07,145540,4693,0.03225,0.024120000,0.008130000
112,"Beauty Product Launch",2025-01-08,141439,3332,0.02356,0.024021428,-0.000461428
112,"Beauty Product Launch",2025-01-09,149068,3295,0.02210,0.024402857,-0.002302857
112,"Beauty Product Launch",2025-01-10,141622,3805,0.02687,0.024958571,0.001911429
112,"Beauty Product Launch",2025-01-11,151872,2477,0.01631,0.023867142,-0.007557142
112,"Beauty Product Launch",2025-01-12,147950,2639,0.01784,0.022457142,-0.004617142
112,"Beauty Product Launch",2025-01-13,155459,3306,0.02127,0.022885714,-0.001615714
112,"Beauty Product Launch",2025-01-14,153545,3280,0.02136,0.021330000,0.000030000
112,"Beauty Product Launch",2025-01-15,164617,3835,0.02330,0.021292857,0.002007143
112,"Beauty Product Launch",2025-01-16,158325,4302,0.02717,0.022017142,0.005152858
112,"Beauty Product Launch",2025-01-17,152691,3053,0.01999,0.021034285,-0.001044285
112,"Beauty Product Launch",2025-01-18,144707,3026,0.02091,0.021691428,-0.000781428
112,"Beauty Product Launch",2025-01-19,163811,3333,0.02035,0.022050000,-0.001700000
112,"Beauty Product Launch",2025-01-20,149070,2767,0.01856,0.021662857,-0.003102857
112,"Beauty Product Launch",2025-01-21,156905,2736,0.01744,0.021102857,-0.003662857
112,"Beauty Product Launch",2025-01-22,159894,4226,0.02643,0.021550000,0.004880000
112,"Beauty Product Launch",2025-01-23,152542,3377,0.02214,0.020831428,0.001308572
112,"Beauty Product Launch",2025-01-24,146785,3548,0.02417,0.021428571,0.002741429
112,"Beauty Product Launch",2025-01-25,150012,3053,0.02035,0.021348571,-0.000998571
112,"Beauty Product Launch",2025-01-26,149386,2876,0.01925,0.021191428,-0.001941428
112,"Beauty Product Launch",2025-01-27,150903,2834,0.01878,0.021222857,-0.002442857
112,"Beauty Product Launch",2025-01-28,158171,2996,0.01894,0.021437142,-0.002497142
112,"Beauty Product Launch",2025-01-29,140768,3998,0.02840,0.021718571,0.006681429
112,"Beauty Product Launch",2025-01-30,147680,3730,0.02526,0.022164285,0.003095715
112,"Beauty Product Launch",2025-01-31,155437,3337,0.02147,0.021778571,-0.000308571
112,"Beauty Product Launch",2025-02-01,157945,3728,0.02360,0.022242857,0.001357143
112,"Beauty Product Launch",2025-02-02,148838,4153,0.02790,0.023478571,0.004421429
112,"Beauty Product Launch",2025-02-03,143854,3431,0.02385,0.024202857,-0.000352857
112,"Beauty Product Launch",2025-02-04,144289,3597,0.02493,0.025058571,-0.000128571
112,"Beauty Product Launch",2025-02-05,152051,3566,0.02345,0.024351428,-0.000901428
112,"Beauty Product Launch",2025-02-06,144686,3785,0.02616,0.024480000,0.001680000
112,"Beauty Product Launch",2025-02-07,129333,4343,0.03358,0.026210000,0.007370000
112,"Beauty Product Launch",2025-02-08,156412,2699,0.01726,0.025304285,-0.008044285
112,"Beauty Product Launch",2025-02-09,151708,3165,0.02086,0.024298571,-0.003438571
112,"Beauty Product Launch",2025-02-10,148250,3204,0.02161,0.023978571,-0.002368571
112,"Beauty Product Launch",2025-02-11,152159,4325,0.02842,0.024477142,0.003942858
112,"Beauty Product Launch",2025-02-12,158679,3903,0.02460,0.024641428,-0.000041428
112,"Beauty Product Launch",2025-02-13,146915,4174,0.02841,0.024962857,0.003447143
112,"Beauty Product Launch",2025-02-14,141451,2485,0.01757,0.022675714,-0.005105714
112,"Beauty Product Launch",2025-02-15,144686,3744,0.02588,0.023907142,0.001972858
112,"Beauty Product Launch",2025-02-16,151440,3329,0.02198,0.024067142,-0.002087142
112,"Beauty Product Launch",2025-02-17,146465,3523,0.02405,0.024415714,-0.000365714
112,"Beauty Product Launch",2025-02-18,154181,2963,0.01922,0.023101428,-0.003881428
112,"Beauty Product Launch",2025-02-19,139940,4048,0.02893,0.023720000,0.005210000
112,"Beauty Product Launch",2025-02-20,143387,3781,0.02637,0.023428571,0.002941429
112,"Beauty Product Launch",2025-02-21,148435,3399,0.02290,0.024190000,-0.001290000
112,"Beauty Product Launch",2025-02-22,139966,4300,0.03072,0.024881428,0.005838572
112,"Beauty Product Launch",2025-02-23,153061,3478,0.02272,0.024987142,-0.002267142
112,"Beauty Product Launch",2025-02-24,147062,3251,0.02211,0.024710000,-0.002600000
112,"Beauty Product Launch",2025-02-25,150698,4295,0.02850,0.026035714,0.002464286
112,"Beauty Product Launch",2025-02-26,149460,2664,0.01782,0.024448571,-0.006628571
112,"Beauty Product Launch",2025-02-27,150179,3576,0.02381,0.024082857,-0.000272857
112,"Beauty Product Launch",2025-02-28,134734,3453,0.02563,0.024472857,0.001157143
112,"Beauty Product Launch",2025-03-01,143639,3272,0.02278,0.023338571,-0.000558571
112,"Beauty Product Launch",2025-03-02,144607,3561,0.02463,0.023611428,0.001018572
112,"Beauty Product Launch",2025-03-03,157910,3382,0.02142,0.023512857,-0.002092857
112,"Beauty Product Launch",2025-03-04,141034,4232,0.03001,0.023728571,0.006281429
112,"Beauty Product Launch",2025-03-05,143756,3717,0.02586,0.024877142,0.000982858
112,"Beauty Product Launch",2025-03-06,144709,3767,0.02603,0.025194285,0.000835715
112,"Beauty Product Launch",2025-03-07,136474,4147,0.03039,0.025874285,0.004515715
112,"Beauty Product Launch",2025-03-08,162273,3094,0.01907,0.025344285,-0.006274285
112,"Beauty Product Launch",2025-03-09,149590,4296,0.02872,0.025928571,0.002791429
112,"Beauty Product Launch",2025-03-10,149266,4079,0.02733,0.026772857,0.000557143
112,"Beauty Product Launch",2025-03-11,138266,2570,0.01859,0.025141428,-0.006551428
112,"Beauty Product Launch",2025-03-12,156468,2538,0.01622,0.023764285,-0.007544285
112,"Beauty Product Launch",2025-03-13,148044,3259,0.02201,0.023190000,-0.001180000
112,"Beauty Product Launch",2025-03-14,142135,2915,0.02051,0.021778571,-0.001268571
112,"Beauty Product Launch",2025-03-15,148286,3541,0.02388,0.022465714,0.001414286
112,"Beauty Product Launch",2025-03-16,143576,2971,0.02069,0.021318571,-0.000628571
113,"Fintech App Lead Campaign",2025-01-01,126218,2497,0.01978,0.019780000,0.000000000
113,"Fintech App Lead Campaign",2025-01-02,116902,2115,0.01809,0.018935000,-0.000845000
113,"Fintech App Lead Campaign",2025-01-03,112389,1639,0.01458,0.017483333,-0.002903333
113,"Fintech App Lead Campaign",2025-01-04,120541,2432,0.02018,0.018157500,0.002022500
113,"Fintech App Lead Campaign",2025-01-05,123815,2383,0.01925,0.018376000,0.000874000
113,"Fintech App Lead Campaign",2025-01-06,113473,1688,0.01488,0.017793333,-0.002913333
113,"Fintech App Lead Campaign",2025-01-07,109278,2655,0.02430,0.018722857,0.005577143
113,"Fintech App Lead Campaign",2025-01-08,117826,2344,0.01989,0.018738571,0.001151429
113,"Fintech App Lead Campaign",2025-01-09,130492,1629,0.01248,0.017937142,-0.005457142
113,"Fintech App Lead Campaign",2025-01-10,115725,2115,0.01828,0.018465714,-0.000185714
113,"Fintech App Lead Campaign",2025-01-11,109577,2611,0.02383,0.018987142,0.004842858
113,"Fintech App Lead Campaign",2025-01-12,115145,1919,0.01667,0.018618571,-0.001948571
113,"Fintech App Lead Campaign",2025-01-13,115490,2150,0.01862,0.019152857,-0.000532857
113,"Fintech App Lead Campaign",2025-01-14,118986,2178,0.01830,0.018295714,0.000004286
113,"Fintech App Lead Campaign",2025-01-15,108181,2500,0.02311,0.018755714,0.004354286
113,"Fintech App Lead Campaign",2025-01-16,114302,1955,0.01710,0.019415714,-0.002315714
113,"Fintech App Lead Campaign",2025-01-17,122469,2406,0.01965,0.019611428,0.000038572
113,"Fintech App Lead Campaign",2025-01-18,114065,2728,0.02392,0.019624285,0.004295715
113,"Fintech App Lead Campaign",2025-01-19,114007,2471,0.02167,0.020338571,0.001331429
113,"Fintech App Lead Campaign",2025-01-20,123453,2234,0.01810,0.020264285,-0.002164285
113,"Fintech App Lead Campaign",2025-01-21,117859,1983,0.01683,0.020054285,-0.003224285
113,"Fintech App Lead Campaign",2025-01-22,121138,2946,0.02432,0.020227142,0.004092858
113,"Fintech App Lead Campaign",2025-01-23,120190,1707,0.01420,0.019812857,-0.005612857
113,"Fintech App Lead Campaign",2025-01-24,121134,2932,0.02420,0.020462857,0.003737143
113,"Fintech App Lead Campaign",2025-01-25,106554,1730,0.01624,0.019365714,-0.003125714
113,"Fintech App Lead Campaign",2025-01-26,109575,2938,0.02681,0.020100000,0.006710000
113,"Fintech App Lead Campaign",2025-01-27,119977,1785,0.01488,0.019640000,-0.004760000
113,"Fintech App Lead Campaign",2025-01-28,125640,2752,0.02190,0.020364285,0.001535715
113,"Fintech App Lead Campaign",2025-01-29,127815,1833,0.01434,0.018938571,-0.004598571
113,"Fintech App Lead Campaign",2025-01-30,116759,2305,0.01974,0.019730000,0.000010000
113,"Fintech App Lead Campaign",2025-01-31,120232,2619,0.02178,0.019384285,0.002395715
113,"Fintech App Lead Campaign",2025-02-01,128358,2938,0.02289,0.020334285,0.002555715
113,"Fintech App Lead Campaign",2025-02-02,110941,2690,0.02425,0.019968571,0.004281429
113,"Fintech App Lead Campaign",2025-02-03,114221,1856,0.01625,0.020164285,-0.003914285
113,"Fintech App Lead Campaign",2025-02-04,120611,1806,0.01497,0.019174285,-0.004204285
113,"Fintech App Lead Campaign",2025-02-05,113599,2004,0.01764,0.019645714,-0.002005714
113,"Fintech App Lead Campaign",2025-02-06,127216,1772,0.01393,0.018815714,-0.004885714
113,"Fintech App Lead Campaign",2025-02-07,111890,2082,0.01861,0.018362857,0.000247143
113,"Fintech App Lead Campaign",2025-02-08,121286,2139,0.01764,0.017612857,0.000027143
113,"Fintech App Lead Campaign",2025-02-09,111016,1531,0.01379,0.016118571,-0.002328571
113,"Fintech App Lead Campaign",2025-02-10,135411,2050,0.01514,0.015960000,-0.000820000
113,"Fintech App Lead Campaign",2025-02-11,106389,2184,0.02053,0.016754285,0.003775715
113,"Fintech App Lead Campaign",2025-02-12,116904,3214,0.02749,0.018161428,0.009328572
113,"Fintech App Lead Campaign",2025-02-13,117391,2033,0.01732,0.018645714,-0.001325714
113,"Fintech App Lead Campaign",2025-02-14,111707,2701,0.02418,0.019441428,0.004738572
113,"Fintech App Lead Campaign",2025-02-15,120499,2294,0.01904,0.019641428,-0.000601428
113,"Fintech App Lead Campaign",2025-02-16,116170,2840,0.02445,0.021164285,0.003285715
113,"Fintech App Lead Campaign",2025-02-17,123163,2892,0.02348,0.022355714,0.001124286
113,"Fintech App Lead Campaign",2025-02-18,106339,1608,0.01512,0.021582857,-0.006462857
113,"Fintech App Lead Campaign",2025-02-19,128935,2364,0.01833,0.020274285,-0.001944285
113,"Fintech App Lead Campaign",2025-02-20,115964,1845,0.01591,0.020072857,-0.004162857
113,"Fintech App Lead Campaign",2025-02-21,124576,1915,0.01537,0.018814285,-0.003444285
113,"Fintech App Lead Campaign",2025-02-22,119183,1921,0.01612,0.018397142,-0.002277142
113,"Fintech App Lead Campaign",2025-02-23,119867,1554,0.01296,0.016755714,-0.003795714
113,"Fintech App Lead Campaign",2025-02-24,124109,2026,0.01632,0.015732857,0.000587143
113,"Fintech App Lead Campaign",2025-02-25,124529,1726,0.01386,0.015552857,-0.001692857
113,"Fintech App Lead Campaign",2025-02-26,123422,2467,0.01999,0.015790000,0.004200000
113,"Fintech App Lead Campaign",2025-02-27,103649,2882,0.02781,0.017490000,0.010320000
113,"Fintech App Lead Campaign",2025-02-28,120008,2961,0.02467,0.018818571,0.005851429
113,"Fintech App Lead Campaign",2025-03-01,124651,2056,0.01649,0.018871428,-0.002381428
113,"Fintech App Lead Campaign",2025-03-02,119298,2422,0.02030,0.019920000,0.000380000
113,"Fintech App Lead Campaign",2025-03-03,119525,1618,0.01354,0.019522857,-0.005982857
113,"Fintech App Lead Campaign",2025-03-04,118634,2038,0.01718,0.019997142,-0.002817142
113,"Fintech App Lead Campaign",2025-03-05,123738,1518,0.01227,0.018894285,-0.006624285
113,"Fintech App Lead Campaign",2025-03-06,122798,2581,0.02102,0.017924285,0.003095715
113,"Fintech App Lead Campaign",2025-03-07,116261,1611,0.01386,0.016380000,-0.002520000
113,"Fintech App Lead Campaign",2025-03-08,107721,2057,0.01910,0.016752857,0.002347143
113,"Fintech App Lead Campaign",2025-03-09,120269,1548,0.01287,0.015691428,-0.002821428
113,"Fintech App Lead Campaign",2025-03-10,119696,1598,0.01335,0.015664285,-0.002314285
113,"Fintech App Lead Campaign",2025-03-11,102702,1681,0.01637,0.015548571,0.000821429
113,"Fintech App Lead Campaign",2025-03-12,113472,1728,0.01523,0.015971428,-0.000741428
113,"Fintech App Lead Campaign",2025-03-13,114434,1999,0.01747,0.015464285,0.002005715
113,"Fintech App Lead Campaign",2025-03-14,123619,1730,0.01399,0.015482857,-0.001492857
113,"Fintech App Lead Campaign",2025-03-15,115716,1447,0.01250,0.014540000,-0.002040000
113,"Fintech App Lead Campaign",2025-03-16,118479,2276,0.01921,0.015445714,0.003764286
114,"Protein Supplement Campaign",2025-01-01,123996,4128,0.03329,0.033290000,0.000000000
114,"Protein Supplement Campaign",2025-01-02,103772,2630,0.02534,0.029315000,-0.003975000
114,"Protein Supplement Campaign",2025-01-03,114410,3017,0.02637,0.028333333,-0.001963333
114,"Protein Supplement Campaign",2025-01-04,115743,2006,0.01733,0.025582500,-0.008252500
114,"Protein Supplement Campaign",2025-01-05,106835,2598,0.02432,0.025330000,-0.001010000
114,"Protein Supplement Campaign",2025-01-06,123063,1758,0.01429,0.023490000,-0.009200000
114,"Protein Supplement Campaign",2025-01-07,112314,2234,0.01989,0.022975714,-0.003085714
114,"Protein Supplement Campaign",2025-01-08,114424,2082,0.01820,0.020820000,-0.002620000
114,"Protein Supplement Campaign",2025-01-09,104291,2400,0.02301,0.020487142,0.002522858
114,"Protein Supplement Campaign",2025-01-10,102541,2985,0.02911,0.020878571,0.008231429
114,"Protein Supplement Campaign",2025-01-11,125673,2055,0.01635,0.020738571,-0.004388571
114,"Protein Supplement Campaign",2025-01-12,109398,2940,0.02687,0.021102857,0.005767143
114,"Protein Supplement Campaign",2025-01-13,120627,3171,0.02629,0.022817142,0.003472858
114,"Protein Supplement Campaign",2025-01-14,111643,2344,0.02100,0.022975714,-0.001975714
114,"Protein Supplement Campaign",2025-01-15,117030,3139,0.02682,0.024207142,0.002612858
114,"Protein Supplement Campaign",2025-01-16,116976,2673,0.02285,0.024184285,-0.001334285
114,"Protein Supplement Campaign",2025-01-17,128060,2279,0.01780,0.022568571,-0.004768571
114,"Protein Supplement Campaign",2025-01-18,118488,2711,0.02288,0.023501428,-0.000621428
114,"Protein Supplement Campaign",2025-01-19,115649,3100,0.02681,0.023492857,0.003317143
114,"Protein Supplement Campaign",2025-01-20,120282,3697,0.03074,0.024128571,0.006611429
114,"Protein Supplement Campaign",2025-01-21,119427,3761,0.03149,0.025627142,0.005862858
114,"Protein Supplement Campaign",2025-01-22,121324,2461,0.02028,0.024692857,-0.004412857
114,"Protein Supplement Campaign",2025-01-23,109747,2631,0.02397,0.024852857,-0.000882857
114,"Protein Supplement Campaign",2025-01-24,119740,2997,0.02503,0.025885714,-0.000855714
114,"Protein Supplement Campaign",2025-01-25,112971,2687,0.02378,0.026014285,-0.002234285
114,"Protein Supplement Campaign",2025-01-26,101438,3282,0.03235,0.026805714,0.005544286
114,"Protein Supplement Campaign",2025-01-27,107581,1828,0.01699,0.024841428,-0.007851428
114,"Protein Supplement Campaign",2025-01-28,116096,3024,0.02605,0.024064285,0.001985715
114,"Protein Supplement Campaign",2025-01-29,102711,3940,0.03836,0.026647142,0.011712858
114,"Protein Supplement Campaign",2025-01-30,120799,2974,0.02462,0.026740000,-0.002120000
114,"Protein Supplement Campaign",2025-01-31,107820,2529,0.02346,0.026515714,-0.003055714
114,"Protein Supplement Campaign",2025-02-01,114889,2989,0.02602,0.026835714,-0.000815714
114,"Protein Supplement Campaign",2025-02-02,119551,2134,0.01785,0.024764285,-0.006914285
114,"Protein Supplement Campaign",2025-02-03,121172,2565,0.02117,0.025361428,-0.004191428
114,"Protein Supplement Campaign",2025-02-04,122862,2095,0.01705,0.024075714,-0.007025714
114,"Protein Supplement Campaign",2025-02-05,123591,3224,0.02609,0.022322857,0.003767143
114,"Protein Supplement Campaign",2025-02-06,108319,2541,0.02346,0.022157142,0.001302858
114,"Protein Supplement Campaign",2025-02-07,111789,2901,0.02595,0.022512857,0.003437143
114,"Protein Supplement Campaign",2025-02-08,113880,2454,0.02155,0.021874285,-0.000324285
114,"Protein Supplement Campaign",2025-02-09,113425,2923,0.02577,0.023005714,0.002764286
114,"Protein Supplement Campaign",2025-02-10,112473,2549,0.02266,0.023218571,-0.000558571
114,"Protein Supplement Campaign",2025-02-11,119430,2381,0.01994,0.023631428,-0.003691428
114,"Protein Supplement Campaign",2025-02-12,116903,2551,0.02182,0.023021428,-0.001201428
114,"Protein Supplement Campaign",2025-02-13,132057,2559,0.01938,0.022438571,-0.003058571
114,"Protein Supplement Campaign",2025-02-14,120481,1921,0.01594,0.021008571,-0.005068571
114,"Protein Supplement Campaign",2025-02-15,121205,3217,0.02654,0.021721428,0.004818572
114,"Protein Supplement Campaign",2025-02-16,108820,2508,0.02305,0.021332857,0.001717143
114,"Protein Supplement Campaign",2025-02-17,123289,3063,0.02484,0.021644285,0.003195715
114,"Protein Supplement Campaign",2025-02-18,116942,2575,0.02202,0.021941428,0.000078572
114,"Protein Supplement Campaign",2025-02-19,122354,2837,0.02319,0.022137142,0.001052858
114,"Protein Supplement Campaign",2025-02-20,117914,1994,0.01691,0.021784285,-0.004874285
114,"Protein Supplement Campaign",2025-02-21,123024,3628,0.02949,0.023720000,0.005770000
114,"Protein Supplement Campaign",2025-02-22,108095,2764,0.02557,0.023581428,0.001988572
114,"Protein Supplement Campaign",2025-02-23,108925,2855,0.02621,0.024032857,0.002177143
114,"Protein Supplement Campaign",2025-02-24,109404,2366,0.02163,0.023574285,-0.001944285
114,"Protein Supplement Campaign",2025-02-25,114907,2748,0.02391,0.023844285,0.000065715
114,"Protein Supplement Campaign",2025-02-26,125459,2568,0.02047,0.023455714,-0.002985714
114,"Protein Supplement Campaign",2025-02-27,108185,3416,0.03158,0.025551428,0.006028572
114,"Protein Supplement Campaign",2025-02-28,117085,2183,0.01864,0.024001428,-0.005361428
114,"Protein Supplement Campaign",2025-03-01,110171,2834,0.02572,0.024022857,0.001697143
114,"Protein Supplement Campaign",2025-03-02,111330,3051,0.02741,0.024194285,0.003215715
114,"Protein Supplement Campaign",2025-03-03,115810,3223,0.02783,0.025080000,0.002750000
114,"Protein Supplement Campaign",2025-03-04,121126,3305,0.02729,0.025562857,0.001727143
114,"Protein Supplement Campaign",2025-03-05,119457,3200,0.02679,0.026465714,0.000324286
114,"Protein Supplement Campaign",2025-03-06,118936,2883,0.02424,0.025417142,-0.001177142
114,"Protein Supplement Campaign",2025-03-07,119603,1925,0.01609,0.025052857,-0.008962857
114,"Protein Supplement Campaign",2025-03-08,114622,3601,0.03142,0.025867142,0.005552858
114,"Protein Supplement Campaign",2025-03-09,114190,2717,0.02379,0.025350000,-0.001560000
114,"Protein Supplement Campaign",2025-03-10,110827,2370,0.02138,0.024428571,-0.003048571
114,"Protein Supplement Campaign",2025-03-11,116443,3164,0.02717,0.024411428,0.002758572
114,"Protein Supplement Campaign",2025-03-12,106652,2419,0.02268,0.023824285,-0.001144285
114,"Protein Supplement Campaign",2025-03-13,115166,3144,0.02730,0.024261428,0.003038572
114,"Protein Supplement Campaign",2025-03-14,116015,2477,0.02135,0.025012857,-0.003662857
114,"Protein Supplement Campaign",2025-03-15,121804,2468,0.02026,0.023418571,-0.003158571
114,"Protein Supplement Campaign",2025-03-16,107921,3291,0.03049,0.024375714,0.006114286
115,"Home Decor Awareness",2025-01-01,127863,2079,0.01626,0.016260000,0.000000000
115,"Home Decor Awareness",2025-01-02,130104,2170,0.01668,0.016470000,0.000210000
115,"Home Decor Awareness",2025-01-03,126664,3586,0.02831,0.020416666,0.007893334
115,"Home Decor Awareness",2025-01-04,122920,1746,0.01420,0.018862500,-0.004662500
115,"Home Decor Awareness",2025-01-05,123757,1895,0.01531,0.018152000,-0.002842000
115,"Home Decor Awareness",2025-01-06,127008,2335,0.01838,0.018190000,0.000190000
115,"Home Decor Awareness",2025-01-07,123588,2357,0.01907,0.018315714,0.000754286
115,"Home Decor Awareness",2025-01-08,125984,2269,0.01801,0.018565714,-0.000555714
115,"Home Decor Awareness",2025-01-09,122736,2237,0.01823,0.018787142,-0.000557142
115,"Home Decor Awareness",2025-01-10,126083,2550,0.02022,0.017631428,0.002588572
115,"Home Decor Awareness",2025-01-11,120562,2956,0.02452,0.019105714,0.005414286
115,"Home Decor Awareness",2025-01-12,119312,3238,0.02714,0.020795714,0.006344286
115,"Home Decor Awareness",2025-01-13,127442,3127,0.02454,0.021675714,0.002864286
115,"Home Decor Awareness",2025-01-14,132578,2967,0.02238,0.022148571,0.000231429
115,"Home Decor Awareness",2025-01-15,127950,2903,0.02269,0.022817142,-0.000127142
115,"Home Decor Awareness",2025-01-16,121035,2380,0.01966,0.023021428,-0.003361428
115,"Home Decor Awareness",2025-01-17,112296,2709,0.02412,0.023578571,0.000541429
115,"Home Decor Awareness",2025-01-18,137210,3161,0.02304,0.023367142,-0.000327142
115,"Home Decor Awareness",2025-01-19,117266,1651,0.01408,0.021501428,-0.007421428
115,"Home Decor Awareness",2025-01-20,127496,2146,0.01683,0.020400000,-0.003570000
115,"Home Decor Awareness",2025-01-21,123792,2232,0.01803,0.019778571,-0.001748571
115,"Home Decor Awareness",2025-01-22,118914,3133,0.02635,0.020301428,0.006048572
115,"Home Decor Awareness",2025-01-23,133122,2433,0.01828,0.020104285,-0.001824285
115,"Home Decor Awareness",2025-01-24,122706,2923,0.02382,0.020061428,0.003758572
115,"Home Decor Awareness",2025-01-25,119562,2705,0.02262,0.020001428,0.002618572
115,"Home Decor Awareness",2025-01-26,131630,2838,0.02156,0.021070000,0.000490000
115,"Home Decor Awareness",2025-01-27,125227,3333,0.02662,0.022468571,0.004151429
115,"Home Decor Awareness",2025-01-28,123742,2736,0.02211,0.023051428,-0.000941428
115,"Home Decor Awareness",2025-01-29,123330,3162,0.02564,0.022950000,0.002690000
115,"Home Decor Awareness",2025-01-30,123472,2913,0.02359,0.023708571,-0.000118571
115,"Home Decor Awareness",2025-01-31,132741,3885,0.02927,0.024487142,0.004782858
115,"Home Decor Awareness",2025-02-01,107885,2747,0.02546,0.024892857,0.000567143
115,"Home Decor Awareness",2025-02-02,123440,2443,0.01979,0.024640000,-0.004850000
115,"Home Decor Awareness",2025-02-03,124049,2396,0.01931,0.023595714,-0.004285714
115,"Home Decor Awareness",2025-02-04,113126,2863,0.02531,0.024052857,0.001257143
115,"Home Decor Awareness",2025-02-05,121111,2373,0.01959,0.023188571,-0.003598571
115,"Home Decor Awareness",2025-02-06,133082,2117,0.01591,0.022091428,-0.006181428
115,"Home Decor Awareness",2025-02-07,121360,2883,0.02376,0.021304285,0.002455715
115,"Home Decor Awareness",2025-02-08,124254,3640,0.02929,0.021851428,0.007438572
115,"Home Decor Awareness",2025-02-09,121338,2787,0.02297,0.022305714,0.000664286
115,"Home Decor Awareness",2025-02-10,108629,2415,0.02223,0.022722857,-0.000492857
115,"Home Decor Awareness",2025-02-11,113769,3405,0.02993,0.023382857,0.006547143
115,"Home Decor Awareness",2025-02-12,133072,2898,0.02178,0.023695714,-0.001915714
115,"Home Decor Awareness",2025-02-13,140714,2161,0.01536,0.023617142,-0.008257142
115,"Home Decor Awareness",2025-02-14,123553,2897,0.02345,0.023572857,-0.000122857
115,"Home Decor Awareness",2025-02-15,127873,2458,0.01922,0.022134285,-0.002914285
115,"Home Decor Awareness",2025-02-16,120644,2905,0.02408,0.022292857,0.001787143
115,"Home Decor Awareness",2025-02-17,114834,2318,0.02019,0.022001428,-0.001811428
115,"Home Decor Awareness",2025-02-18,130703,2523,0.01930,0.020482857,-0.001182857
115,"Home Decor Awareness",2025-02-19,127185,3202,0.02518,0.020968571,0.004211429
115,"Home Decor Awareness",2025-02-20,130339,2583,0.01982,0.021605714,-0.001785714
115,"Home Decor Awareness",2025-02-21,124062,1942,0.01565,0.020491428,-0.004841428
115,"Home Decor Awareness",2025-02-22,120729,2619,0.02169,0.020844285,0.000845715
115,"Home Decor Awareness",2025-02-23,127702,3051,0.02389,0.020817142,0.003072858
115,"Home Decor Awareness",2025-02-24,133247,3487,0.02617,0.021671428,0.004498572
115,"Home Decor Awareness",2025-02-25,128024,2894,0.02261,0.022144285,0.000465715
115,"Home Decor Awareness",2025-02-26,135280,2317,0.01713,0.020994285,-0.003864285
115,"Home Decor Awareness",2025-02-27,133444,2356,0.01766,0.020685714,-0.003025714
115,"Home Decor Awareness",2025-02-28,128303,2847,0.02219,0.021620000,0.000570000
115,"Home Decor Awareness",2025-03-01,117590,2188,0.01861,0.021180000,-0.002570000
115,"Home Decor Awareness",2025-03-02,130361,2793,0.02143,0.020828571,0.000601429
115,"Home Decor Awareness",2025-03-03,121336,3039,0.02505,0.020668571,0.004381429
115,"Home Decor Awareness",2025-03-04,124159,3013,0.02427,0.020905714,0.003364286
115,"Home Decor Awareness",2025-03-05,129537,2660,0.02053,0.021391428,-0.000861428
115,"Home Decor Awareness",2025-03-06,132021,2344,0.01775,0.021404285,-0.003654285
115,"Home Decor Awareness",2025-03-07,120282,2300,0.01912,0.020965714,-0.001845714
115,"Home Decor Awareness",2025-03-08,124692,2661,0.02134,0.021355714,-0.000015714
115,"Home Decor Awareness",2025-03-09,119251,2570,0.02155,0.021372857,0.000177143
115,"Home Decor Awareness",2025-03-10,125280,3301,0.02635,0.021558571,0.004791429
115,"Home Decor Awareness",2025-03-11,122840,2292,0.01866,0.020757142,-0.002097142
115,"Home Decor Awareness",2025-03-12,107786,3104,0.02880,0.021938571,0.006861429
115,"Home Decor Awareness",2025-03-13,120284,2102,0.01748,0.021900000,-0.004420000
115,"Home Decor Awareness",2025-03-14,129179,3102,0.02401,0.022598571,0.001411429
115,"Home Decor Awareness",2025-03-15,117456,2369,0.02017,0.022431428,-0.002261428
115,"Home Decor Awareness",2025-03-16,111348,3411,0.03063,0.023728571,0.006901429
116,"Smartphone Launch Ads",2025-01-01,173005,3141,0.01816,0.018160000,0.000000000
116,"Smartphone Launch Ads",2025-01-02,177082,2761,0.01559,0.016875000,-0.001285000
116,"Smartphone Launch Ads",2025-01-03,161534,3424,0.02120,0.018316666,0.002883334
116,"Smartphone Launch Ads",2025-01-04,173858,4409,0.02536,0.020077500,0.005282500
116,"Smartphone Launch Ads",2025-01-05,164959,3371,0.02044,0.020150000,0.000290000
116,"Smartphone Launch Ads",2025-01-06,176440,4365,0.02474,0.020915000,0.003825000
116,"Smartphone Launch Ads",2025-01-07,174848,3114,0.01781,0.020471428,-0.002661428
116,"Smartphone Launch Ads",2025-01-08,189850,3313,0.01745,0.020370000,-0.002920000
116,"Smartphone Launch Ads",2025-01-09,161831,3736,0.02309,0.021441428,0.001648572
116,"Smartphone Launch Ads",2025-01-10,170117,4980,0.02927,0.022594285,0.006675715
116,"Smartphone Launch Ads",2025-01-11,171414,4380,0.02555,0.022621428,0.002928572
116,"Smartphone Launch Ads",2025-01-12,173516,4281,0.02467,0.023225714,0.001444286
116,"Smartphone Launch Ads",2025-01-13,178381,3335,0.01870,0.022362857,-0.003662857
116,"Smartphone Launch Ads",2025-01-14,179455,3894,0.02170,0.022918571,-0.001218571
116,"Smartphone Launch Ads",2025-01-15,164915,3193,0.01936,0.023191428,-0.003831428
116,"Smartphone Launch Ads",2025-01-16,170143,3517,0.02067,0.022845714,-0.002175714
116,"Smartphone Launch Ads",2025-01-17,174320,3548,0.02035,0.021571428,-0.001221428
116,"Smartphone Launch Ads",2025-01-18,177888,2882,0.01620,0.020235714,-0.004035714
116,"Smartphone Launch Ads",2025-01-19,174726,3104,0.01776,0.019248571,-0.001488571
116,"Smartphone Launch Ads",2025-01-20,188935,3014,0.01595,0.018855714,-0.002905714
116,"Smartphone Launch Ads",2025-01-21,178083,3680,0.02066,0.018707142,0.001952858
116,"Smartphone Launch Ads",2025-01-22,180977,2996,0.01655,0.018305714,-0.001755714
116,"Smartphone Launch Ads",2025-01-23,183721,4292,0.02336,0.018690000,0.004670000
116,"Smartphone Launch Ads",2025-01-24,174135,2670,0.01533,0.017972857,-0.002642857
116,"Smartphone Launch Ads",2025-01-25,169133,3392,0.02006,0.018524285,0.001535715
116,"Smartphone Launch Ads",2025-01-26,181217,3945,0.02177,0.019097142,0.002672858
116,"Smartphone Launch Ads",2025-01-27,172224,4014,0.02331,0.020148571,0.003161429
116,"Smartphone Launch Ads",2025-01-28,163276,2760,0.01690,0.019611428,-0.002711428
116,"Smartphone Launch Ads",2025-01-29,173925,3406,0.01958,0.020044285,-0.000464285
116,"Smartphone Launch Ads",2025-01-30,160019,2783,0.01739,0.019191428,-0.001801428
116,"Smartphone Launch Ads",2025-01-31,176660,4206,0.02381,0.020402857,0.003407143
116,"Smartphone Launch Ads",2025-02-01,162314,3481,0.02145,0.020601428,0.000848572
116,"Smartphone Launch Ads",2025-02-02,175144,3612,0.02062,0.020437142,0.000182858
116,"Smartphone Launch Ads",2025-02-03,172799,4216,0.02440,0.020592857,0.003807143
116,"Smartphone Launch Ads",2025-02-04,175419,3212,0.01831,0.020794285,-0.002484285
116,"Smartphone Launch Ads",2025-02-05,185545,3322,0.01790,0.020554285,-0.002654285
116,"Smartphone Launch Ads",2025-02-06,177935,3657,0.02055,0.021005714,-0.000455714
116,"Smartphone Launch Ads",2025-02-07,169111,2809,0.01661,0.019977142,-0.003367142
116,"Smartphone Launch Ads",2025-02-08,177884,3196,0.01797,0.019480000,-0.001510000
116,"Smartphone Launch Ads",2025-02-09,169966,4971,0.02925,0.020712857,0.008537143
116,"Smartphone Launch Ads",2025-02-10,170007,3423,0.02013,0.020102857,0.000027143
116,"Smartphone Launch Ads",2025-02-11,174316,4214,0.02417,0.020940000,0.003230000
116,"Smartphone Launch Ads",2025-02-12,180711,3942,0.02181,0.021498571,0.000311429
116,"Smartphone Launch Ads",2025-02-13,167627,3040,0.01814,0.021154285,-0.003014285
116,"Smartphone Launch Ads",2025-02-14,163338,3187,0.01951,0.021568571,-0.002058571
116,"Smartphone Launch Ads",2025-02-15,167432,3003,0.01794,0.021564285,-0.003624285
116,"Smartphone Launch Ads",2025-02-16,178340,3484,0.01954,0.020177142,-0.000637142
116,"Smartphone Launch Ads",2025-02-17,175094,2631,0.01503,0.019448571,-0.004418571
116,"Smartphone Launch Ads",2025-02-18,164526,3346,0.02034,0.018901428,0.001438572
116,"Smartphone Launch Ads",2025-02-19,184089,3260,0.01771,0.018315714,-0.000605714
116,"Smartphone Launch Ads",2025-02-20,177949,3410,0.01916,0.018461428,0.000698572
116,"Smartphone Launch Ads",2025-02-21,179412,3321,0.01851,0.018318571,0.000191429
116,"Smartphone Launch Ads",2025-02-22,180463,3493,0.01936,0.018521428,0.000838572
116,"Smartphone Launch Ads",2025-02-23,187789,3525,0.01877,0.018411428,0.000358572
116,"Smartphone Launch Ads",2025-02-24,186785,3157,0.01690,0.018678571,-0.001778571
116,"Smartphone Launch Ads",2025-02-25,172813,3752,0.02171,0.018874285,0.002835715
116,"Smartphone Launch Ads",2025-02-26,169634,4861,0.02866,0.020438571,0.008221429
116,"Smartphone Launch Ads",2025-02-27,169342,3090,0.01825,0.020308571,-0.002058571
116,"Smartphone Launch Ads",2025-02-28,177896,3908,0.02197,0.020802857,0.001167143
116,"Smartphone Launch Ads",2025-03-01,183452,3249,0.01771,0.020567142,-0.002857142
116,"Smartphone Launch Ads",2025-03-02,175671,4587,0.02611,0.021615714,0.004494286
116,"Smartphone Launch Ads",2025-03-03,186994,3705,0.01981,0.022031428,-0.002221428
116,"Smartphone Launch Ads",2025-03-04,164526,3816,0.02319,0.022242857,0.000947143
116,"Smartphone Launch Ads",2025-03-05,182140,2690,0.01477,0.020258571,-0.005488571
116,"Smartphone Launch Ads",2025-03-06,175366,3230,0.01842,0.020282857,-0.001862857
116,"Smartphone Launch Ads",2025-03-07,165281,2473,0.01496,0.019281428,-0.004321428
116,"Smartphone Launch Ads",2025-03-08,170976,4287,0.02507,0.020332857,0.004737143
116,"Smartphone Launch Ads",2025-03-09,182036,4864,0.02672,0.020420000,0.006300000
116,"Smartphone Launch Ads",2025-03-10,178955,4055,0.02266,0.020827142,0.001832858
116,"Smartphone Launch Ads",2025-03-11,181245,4909,0.02708,0.021382857,0.005697143
116,"Smartphone Launch Ads",2025-03-12,191415,3316,0.01732,0.021747142,-0.004427142
116,"Smartphone Launch Ads",2025-03-13,175314,3117,0.01778,0.021655714,-0.003875714
116,"Smartphone Launch Ads",2025-03-14,172423,3402,0.01973,0.022337142,-0.002607142
116,"Smartphone Launch Ads",2025-03-15,180897,3999,0.02211,0.021914285,0.000195715
116,"Smartphone Launch Ads",2025-03-16,177724,3879,0.02183,0.021215714,0.000614286
117,"HR Software Lead Gen",2025-01-01,117019,2821,0.02411,0.024110000,0.000000000
117,"HR Software Lead Gen",2025-01-02,114949,1843,0.01603,0.020070000,-0.004040000
117,"HR Software Lead Gen",2025-01-03,111599,2849,0.02553,0.021890000,0.003640000
117,"HR Software Lead Gen",2025-01-04,122487,2265,0.01849,0.021040000,-0.002550000
117,"HR Software Lead Gen",2025-01-05,125795,2122,0.01687,0.020206000,-0.003336000
117,"HR Software Lead Gen",2025-01-06,120721,1984,0.01643,0.019576666,-0.003146666
117,"HR Software Lead Gen",2025-01-07,116917,2370,0.02027,0.019675714,0.000594286
117,"HR Software Lead Gen",2025-01-08,109773,2090,0.01904,0.018951428,0.000088572
117,"HR Software Lead Gen",2025-01-09,118500,1698,0.01433,0.018708571,-0.004378571
117,"HR Software Lead Gen",2025-01-10,123961,2364,0.01907,0.017785714,0.001284286
117,"HR Software Lead Gen",2025-01-11,126142,2417,0.01916,0.017881428,0.001278572
117,"HR Software Lead Gen",2025-01-12,119255,2163,0.01814,0.018062857,0.000077143
117,"HR Software Lead Gen",2025-01-13,109100,1458,0.01336,0.017624285,-0.004264285
117,"HR Software Lead Gen",2025-01-14,123259,2077,0.01685,0.017135714,-0.000285714
117,"HR Software Lead Gen",2025-01-15,125394,2883,0.02299,0.017700000,0.005290000
117,"HR Software Lead Gen",2025-01-16,128687,2154,0.01674,0.018044285,-0.001304285
117,"HR Software Lead Gen",2025-01-17,128694,1713,0.01331,0.017221428,-0.003911428
117,"HR Software Lead Gen",2025-01-18,120875,2337,0.01933,0.017245714,0.002084286
117,"HR Software Lead Gen",2025-01-19,111283,2597,0.02334,0.017988571,0.005351429
117,"HR Software Lead Gen",2025-01-20,110356,1727,0.01565,0.018315714,-0.002665714
117,"HR Software Lead Gen",2025-01-21,111668,1520,0.01361,0.017852857,-0.004242857
117,"HR Software Lead Gen",2025-01-22,116324,2357,0.02026,0.017462857,0.002797143
117,"HR Software Lead Gen",2025-01-23,126942,2660,0.02095,0.018064285,0.002885715
117,"HR Software Lead Gen",2025-01-24,109365,2299,0.02102,0.019165714,0.001854286
117,"HR Software Lead Gen",2025-01-25,115228,2339,0.02030,0.019304285,0.000995715
117,"HR Software Lead Gen",2025-01-26,119088,2090,0.01755,0.018477142,-0.000927142
117,"HR Software Lead Gen",2025-01-27,109493,2083,0.01902,0.018958571,0.000061429
117,"HR Software Lead Gen",2025-01-28,111712,2357,0.02110,0.020028571,0.001071429
117,"HR Software Lead Gen",2025-01-29,119343,1903,0.01595,0.019412857,-0.003462857
117,"HR Software Lead Gen",2025-01-30,123182,1419,0.01152,0.018065714,-0.006545714
117,"HR Software Lead Gen",2025-01-31,118544,1932,0.01630,0.017391428,-0.001091428
117,"HR Software Lead Gen",2025-02-01,129785,1969,0.01517,0.016658571,-0.001488571
117,"HR Software Lead Gen",2025-02-02,108918,1823,0.01674,0.016542857,0.000197143
117,"HR Software Lead Gen",2025-02-03,127483,1431,0.01123,0.015430000,-0.004200000
117,"HR Software Lead Gen",2025-02-04,112857,1441,0.01277,0.014240000,-0.001470000
117,"HR Software Lead Gen",2025-02-05,122862,3104,0.02526,0.015570000,0.009690000
117,"HR Software Lead Gen",2025-02-06,129004,2038,0.01580,0.016181428,-0.000381428
117,"HR Software Lead Gen",2025-02-07,116848,3092,0.02646,0.017632857,0.008827143
117,"HR Software Lead Gen",2025-02-08,108878,2450,0.02250,0.018680000,0.003820000
117,"HR Software Lead Gen",2025-02-09,117459,3222,0.02743,0.020207142,0.007222858
117,"HR Software Lead Gen",2025-02-10,125328,2178,0.01738,0.021085714,-0.003705714
117,"HR Software Lead Gen",2025-02-11,115714,2697,0.02331,0.022591428,0.000718572
117,"HR Software Lead Gen",2025-02-12,119017,1950,0.01638,0.021322857,-0.004942857
117,"HR Software Lead Gen",2025-02-13,126196,1889,0.01497,0.021204285,-0.006234285
117,"HR Software Lead Gen",2025-02-14,113054,1907,0.01687,0.019834285,-0.002964285
117,"HR Software Lead Gen",2025-02-15,119402,2550,0.02136,0.019671428,0.001688572
117,"HR Software Lead Gen",2025-02-16,124780,2448,0.01962,0.018555714,0.001064286
117,"HR Software Lead Gen",2025-02-17,120447,2516,0.02089,0.019057142,0.001832858
117,"HR Software Lead Gen",2025-02-18,118714,2799,0.02358,0.019095714,0.004484286
117,"HR Software Lead Gen",2025-02-19,114116,2314,0.02028,0.019652857,0.000627143
117,"HR Software Lead Gen",2025-02-20,122197,2245,0.01837,0.020138571,-0.001768571
117,"HR Software Lead Gen",2025-02-21,115334,2546,0.02208,0.020882857,0.001197143
117,"HR Software Lead Gen",2025-02-22,117079,1924,0.01643,0.020178571,-0.003748571
117,"HR Software Lead Gen",2025-02-23,119711,1624,0.01357,0.019314285,-0.005744285
117,"HR Software Lead Gen",2025-02-24,114752,1613,0.01406,0.018338571,-0.004278571
117,"HR Software Lead Gen",2025-02-25,116790,1918,0.01642,0.017315714,-0.000895714
117,"HR Software Lead Gen",2025-02-26,105784,1987,0.01878,0.017101428,0.001678572
117,"HR Software Lead Gen",2025-02-27,124417,2056,0.01653,0.016838571,-0.000308571
117,"HR Software Lead Gen",2025-02-28,116387,2402,0.02064,0.016632857,0.004007143
117,"HR Software Lead Gen",2025-03-01,119324,3014,0.02526,0.017894285,0.007365715
117,"HR Software Lead Gen",2025-03-02,127029,2503,0.01970,0.018770000,0.000930000
117,"HR Software Lead Gen",2025-03-03,119409,1814,0.01519,0.018931428,-0.003741428
117,"HR Software Lead Gen",2025-03-04,113475,2433,0.02144,0.019648571,0.001791429
117,"HR Software Lead Gen",2025-03-05,122785,2105,0.01714,0.019414285,-0.002274285
117,"HR Software Lead Gen",2025-03-06,114938,1942,0.01690,0.019467142,-0.002567142
117,"HR Software Lead Gen",2025-03-07,120436,2978,0.02473,0.020051428,0.004678572
117,"HR Software Lead Gen",2025-03-08,123467,2188,0.01772,0.018974285,-0.001254285
117,"HR Software Lead Gen",2025-03-09,114601,1929,0.01683,0.018564285,-0.001734285
117,"HR Software Lead Gen",2025-03-10,110849,2462,0.02221,0.019567142,0.002642858
117,"HR Software Lead Gen",2025-03-11,120260,2546,0.02117,0.019528571,0.001641429
117,"HR Software Lead Gen",2025-03-12,123403,2199,0.01782,0.019625714,-0.001805714
117,"HR Software Lead Gen",2025-03-13,118041,1656,0.01403,0.019215714,-0.005185714
117,"HR Software Lead Gen",2025-03-14,122562,2261,0.01845,0.018318571,0.000131429
117,"HR Software Lead Gen",2025-03-15,109954,2667,0.02426,0.019252857,0.005007143
117,"HR Software Lead Gen",2025-03-16,119039,2696,0.02265,0.020084285,0.002565715
118,"Online Grocery Discount",2025-01-01,121080,2928,0.02418,0.024180000,0.000000000
118,"Online Grocery Discount",2025-01-02,118919,3574,0.03005,0.027115000,0.002935000
118,"Online Grocery Discount",2025-01-03,118806,3301,0.02778,0.027336666,0.000443334
118,"Online Grocery Discount",2025-01-04,109770,2304,0.02099,0.025750000,-0.004760000
118,"Online Grocery Discount",2025-01-05,106238,2329,0.02192,0.024984000,-0.003064000
118,"Online Grocery Discount",2025-01-06,133928,2179,0.01627,0.023531666,-0.007261666
118,"Online Grocery Discount",2025-01-07,109963,2686,0.02443,0.023660000,0.000770000
118,"Online Grocery Discount",2025-01-08,123210,2897,0.02351,0.023564285,-0.000054285
118,"Online Grocery Discount",2025-01-09,109164,2295,0.02102,0.022274285,-0.001254285
118,"Online Grocery Discount",2025-01-10,119565,2842,0.02377,0.021701428,0.002068572
118,"Online Grocery Discount",2025-01-11,110136,2169,0.01969,0.021515714,-0.001825714
118,"Online Grocery Discount",2025-01-12,112590,3407,0.03026,0.022707142,0.007552858
118,"Online Grocery Discount",2025-01-13,107164,3051,0.02847,0.024450000,0.004020000
118,"Online Grocery Discount",2025-01-14,115226,3461,0.03004,0.025251428,0.004788572
118,"Online Grocery Discount",2025-01-15,110212,1759,0.01596,0.024172857,-0.008212857
118,"Online Grocery Discount",2025-01-16,118171,3743,0.03167,0.025694285,0.005975715
118,"Online Grocery Discount",2025-01-17,127927,2888,0.02258,0.025524285,-0.002944285
118,"Online Grocery Discount",2025-01-18,114627,2328,0.02031,0.025612857,-0.005302857
118,"Online Grocery Discount",2025-01-19,107949,2963,0.02745,0.025211428,0.002238572
118,"Online Grocery Discount",2025-01-20,129802,2466,0.01900,0.023858571,-0.004858571
118,"Online Grocery Discount",2025-01-21,110994,3134,0.02824,0.023601428,0.004638572
118,"Online Grocery Discount",2025-01-22,110052,2365,0.02149,0.024391428,-0.002901428
118,"Online Grocery Discount",2025-01-23,117233,2854,0.02434,0.023344285,0.000995715
118,"Online Grocery Discount",2025-01-24,122602,3233,0.02637,0.023885714,0.002484286
118,"Online Grocery Discount",2025-01-25,106780,2985,0.02795,0.024977142,0.002972858
118,"Online Grocery Discount",2025-01-26,107939,2488,0.02305,0.024348571,-0.001298571
118,"Online Grocery Discount",2025-01-27,112698,2448,0.02172,0.024737142,-0.003017142
118,"Online Grocery Discount",2025-01-28,129151,2781,0.02153,0.023778571,-0.002248571
118,"Online Grocery Discount",2025-01-29,111252,2489,0.02237,0.023904285,-0.001534285
118,"Online Grocery Discount",2025-01-30,115869,3026,0.02612,0.024158571,0.001961429
118,"Online Grocery Discount",2025-01-31,125817,3742,0.02974,0.024640000,0.005100000
118,"Online Grocery Discount",2025-02-01,109061,2373,0.02176,0.023755714,-0.001995714
118,"Online Grocery Discount",2025-02-02,113686,3237,0.02847,0.024530000,0.003940000
118,"Online Grocery Discount",2025-02-03,118159,1449,0.01226,0.023178571,-0.010918571
118,"Online Grocery Discount",2025-02-04,116841,2782,0.02381,0.023504285,0.000305715
118,"Online Grocery Discount",2025-02-05,111663,2200,0.01970,0.023122857,-0.003422857
118,"Online Grocery Discount",2025-02-06,113164,2654,0.02345,0.022741428,0.000708572
118,"Online Grocery Discount",2025-02-07,123061,2777,0.02257,0.021717142,0.000852858
118,"Online Grocery Discount",2025-02-08,118701,1992,0.01678,0.021005714,-0.004225714
118,"Online Grocery Discount",2025-02-09,131541,3504,0.02664,0.020744285,0.005895715
118,"Online Grocery Discount",2025-02-10,119543,2810,0.02351,0.022351428,0.001158572
118,"Online Grocery Discount",2025-02-11,117828,1935,0.01642,0.021295714,-0.004875714
118,"Online Grocery Discount",2025-02-12,116550,2732,0.02344,0.021830000,0.001610000
118,"Online Grocery Discount",2025-02-13,114509,2456,0.02145,0.021544285,-0.000094285
118,"Online Grocery Discount",2025-02-14,118501,2626,0.02216,0.021485714,0.000674286
118,"Online Grocery Discount",2025-02-15,108273,3331,0.03076,0.023482857,0.007277143
118,"Online Grocery Discount",2025-02-16,125641,2703,0.02151,0.022750000,-0.001240000
118,"Online Grocery Discount",2025-02-17,122550,2148,0.01753,0.021895714,-0.004365714
118,"Online Grocery Discount",2025-02-18,123057,2322,0.01887,0.022245714,-0.003375714
118,"Online Grocery Discount",2025-02-19,114518,2589,0.02261,0.022127142,0.000482858
118,"Online Grocery Discount",2025-02-20,120844,3254,0.02693,0.022910000,0.004020000
118,"Online Grocery Discount",2025-02-21,113935,2287,0.02007,0.022611428,-0.002541428
118,"Online Grocery Discount",2025-02-22,99607,2751,0.02762,0.022162857,0.005457143
118,"Online Grocery Discount",2025-02-23,113672,3053,0.02686,0.022927142,0.003932858
118,"Online Grocery Discount",2025-02-24,117412,3436,0.02926,0.024602857,0.004657143
118,"Online Grocery Discount",2025-02-25,119089,2249,0.01889,0.024605714,-0.005715714
118,"Online Grocery Discount",2025-02-26,114537,2666,0.02328,0.024701428,-0.001421428
118,"Online Grocery Discount",2025-02-27,112921,4284,0.03794,0.026274285,0.011665715
118,"Online Grocery Discount",2025-02-28,114480,2955,0.02581,0.027094285,-0.001284285
118,"Online Grocery Discount",2025-03-01,127774,2828,0.02213,0.026310000,-0.004180000
118,"Online Grocery Discount",2025-03-02,114501,2972,0.02596,0.026181428,-0.000221428
118,"Online Grocery Discount",2025-03-03,123398,3573,0.02896,0.026138571,0.002821429
118,"Online Grocery Discount",2025-03-04,122879,2985,0.02429,0.026910000,-0.002620000
118,"Online Grocery Discount",2025-03-05,119156,2524,0.02118,0.026610000,-0.005430000
118,"Online Grocery Discount",2025-03-06,119436,3565,0.02985,0.025454285,0.004395715
118,"Online Grocery Discount",2025-03-07,116100,2058,0.01773,0.024300000,-0.006570000
118,"Online Grocery Discount",2025-03-08,112605,2868,0.02547,0.024777142,0.000692858
118,"Online Grocery Discount",2025-03-09,111536,3332,0.02987,0.025335714,0.004534286
118,"Online Grocery Discount",2025-03-10,116057,3372,0.02905,0.025348571,0.003701429
118,"Online Grocery Discount",2025-03-11,112463,2283,0.02030,0.024778571,-0.004478571
118,"Online Grocery Discount",2025-03-12,107172,2074,0.01935,0.024517142,-0.005167142
118,"Online Grocery Discount",2025-03-13,120292,3193,0.02654,0.024044285,0.002495715
118,"Online Grocery Discount",2025-03-14,120043,2519,0.02098,0.024508571,-0.003528571
118,"Online Grocery Discount",2025-03-15,110793,3278,0.02959,0.025097142,0.004492858
118,"Online Grocery Discount",2025-03-16,125710,2739,0.02179,0.023942857,-0.002152857
119,"Meditation App Promotion",2025-01-01,132985,2579,0.01939,0.019390000,0.000000000
119,"Meditation App Promotion",2025-01-02,118376,2896,0.02446,0.021925000,0.002535000
119,"Meditation App Promotion",2025-01-03,135564,2149,0.01585,0.019900000,-0.004050000
119,"Meditation App Promotion",2025-01-04,123138,3063,0.02487,0.021142500,0.003727500
119,"Meditation App Promotion",2025-01-05,127819,2771,0.02168,0.021250000,0.000430000
119,"Meditation App Promotion",2025-01-06,120865,2610,0.02159,0.021306666,0.000283334
119,"Meditation App Promotion",2025-01-07,116352,2936,0.02523,0.021867142,0.003362858
119,"Meditation App Promotion",2025-01-08,130314,2822,0.02166,0.022191428,-0.000531428
119,"Meditation App Promotion",2025-01-09,121454,2395,0.01972,0.021514285,-0.001794285
119,"Meditation App Promotion",2025-01-10,124090,2751,0.02217,0.022417142,-0.000247142
119,"Meditation App Promotion",2025-01-11,121526,2510,0.02065,0.021814285,-0.001164285
119,"Meditation App Promotion",2025-01-12,131265,2044,0.01557,0.020941428,-0.005371428
119,"Meditation App Promotion",2025-01-13,124156,2054,0.01654,0.020220000,-0.003680000
119,"Meditation App Promotion",2025-01-14,124549,2751,0.02209,0.019771428,0.002318572
119,"Meditation App Promotion",2025-01-15,131263,2622,0.01998,0.019531428,0.000448572
119,"Meditation App Promotion",2025-01-16,118328,3470,0.02933,0.020904285,0.008425715
119,"Meditation App Promotion",2025-01-17,128938,2293,0.01778,0.020277142,-0.002497142
119,"Meditation App Promotion",2025-01-18,127829,3108,0.02431,0.020800000,0.003510000
119,"Meditation App Promotion",2025-01-19,125278,2701,0.02156,0.021655714,-0.000095714
119,"Meditation App Promotion",2025-01-20,123243,3502,0.02842,0.023352857,0.005067143
119,"Meditation App Promotion",2025-01-21,131375,2493,0.01898,0.022908571,-0.003928571
119,"Meditation App Promotion",2025-01-22,125414,2321,0.01851,0.022698571,-0.004188571
119,"Meditation App Promotion",2025-01-23,131487,2725,0.02072,0.021468571,-0.000748571
119,"Meditation App Promotion",2025-01-24,122303,3038,0.02484,0.022477142,0.002362858
119,"Meditation App Promotion",2025-01-25,121327,2309,0.01903,0.021722857,-0.002692857
119,"Meditation App Promotion",2025-01-26,118258,1897,0.01604,0.020934285,-0.004894285
119,"Meditation App Promotion",2025-01-27,126986,3448,0.02715,0.020752857,0.006397143
119,"Meditation App Promotion",2025-01-28,134419,2760,0.02053,0.020974285,-0.000444285
119,"Meditation App Promotion",2025-01-29,130223,2250,0.01728,0.020798571,-0.003518571
119,"Meditation App Promotion",2025-01-30,113904,3129,0.02747,0.021762857,0.005707143
119,"Meditation App Promotion",2025-01-31,125918,2510,0.01993,0.021061428,-0.001131428
119,"Meditation App Promotion",2025-02-01,137685,3003,0.02181,0.021458571,0.000351429
119,"Meditation App Promotion",2025-02-02,129915,2285,0.01759,0.021680000,-0.004090000
119,"Meditation App Promotion",2025-02-03,130327,2625,0.02014,0.020678571,-0.000538571
119,"Meditation App Promotion",2025-02-04,128704,2815,0.02187,0.020870000,0.001000000
119,"Meditation App Promotion",2025-02-05,127868,3008,0.02352,0.021761428,0.001758572
119,"Meditation App Promotion",2025-02-06,131190,2102,0.01602,0.020125714,-0.004105714
119,"Meditation App Promotion",2025-02-07,124968,2873,0.02299,0.020562857,0.002427143
119,"Meditation App Promotion",2025-02-08,121655,1765,0.01451,0.019520000,-0.005010000
119,"Meditation App Promotion",2025-02-09,128949,3126,0.02424,0.020470000,0.003770000
119,"Meditation App Promotion",2025-02-10,134896,3264,0.02420,0.021050000,0.003150000
119,"Meditation App Promotion",2025-02-11,119741,3057,0.02553,0.021572857,0.003957143
119,"Meditation App Promotion",2025-02-12,124335,2795,0.02248,0.021424285,0.001055715
119,"Meditation App Promotion",2025-02-13,127066,3116,0.02452,0.022638571,0.001881429
119,"Meditation App Promotion",2025-02-14,130993,3251,0.02482,0.022900000,0.001920000
119,"Meditation App Promotion",2025-02-15,120726,2843,0.02355,0.024191428,-0.000641428
119,"Meditation App Promotion",2025-02-16,125086,2682,0.02144,0.023791428,-0.002351428
119,"Meditation App Promotion",2025-02-17,123040,2307,0.01875,0.023012857,-0.004262857
119,"Meditation App Promotion",2025-02-18,125776,2254,0.01792,0.021925714,-0.004005714
119,"Meditation App Promotion",2025-02-19,124227,2962,0.02384,0.022120000,0.001720000
119,"Meditation App Promotion",2025-02-20,126981,2596,0.02044,0.021537142,-0.001097142
119,"Meditation App Promotion",2025-02-21,123514,1938,0.01569,0.020232857,-0.004542857
119,"Meditation App Promotion",2025-02-22,125012,2236,0.01789,0.019424285,-0.001534285
119,"Meditation App Promotion",2025-02-23,114269,1886,0.01650,0.018718571,-0.002218571
119,"Meditation App Promotion",2025-02-24,129081,2859,0.02215,0.019204285,0.002945715
119,"Meditation App Promotion",2025-02-25,126739,3196,0.02522,0.020247142,0.004972858
119,"Meditation App Promotion",2025-02-26,126046,2328,0.01847,0.019480000,-0.001010000
119,"Meditation App Promotion",2025-02-27,120918,2401,0.01986,0.019397142,0.000462858
119,"Meditation App Promotion",2025-02-28,118926,3081,0.02591,0.020857142,0.005052858
119,"Meditation App Promotion",2025-03-01,123449,2621,0.02123,0.021334285,-0.000104285
119,"Meditation App Promotion",2025-03-02,133434,2530,0.01896,0.021685714,-0.002725714
119,"Meditation App Promotion",2025-03-03,125524,2029,0.01616,0.020830000,-0.004670000
119,"Meditation App Promotion",2025-03-04,128794,3541,0.02749,0.021154285,0.006335715
119,"Meditation App Promotion",2025-03-05,118071,2684,0.02273,0.021762857,0.000967143
119,"Meditation App Promotion",2025-03-06,121732,3710,0.03048,0.023280000,0.007200000
119,"Meditation App Promotion",2025-03-07,116142,2194,0.01889,0.022277142,-0.003387142
119,"Meditation App Promotion",2025-03-08,132615,3418,0.02577,0.022925714,0.002844286
119,"Meditation App Promotion",2025-03-09,131188,2737,0.02086,0.023197142,-0.002337142
119,"Meditation App Promotion",2025-03-10,126769,2202,0.01737,0.023370000,-0.006000000
119,"Meditation App Promotion",2025-03-11,122032,2889,0.02367,0.022824285,0.000845715
119,"Meditation App Promotion",2025-03-12,118303,2568,0.02171,0.022678571,-0.000968571
119,"Meditation App Promotion",2025-03-13,126085,2881,0.02285,0.021588571,0.001261429
119,"Meditation App Promotion",2025-03-14,130735,2823,0.02159,0.021974285,-0.000384285
119,"Meditation App Promotion",2025-03-15,124773,2272,0.01821,0.020894285,-0.002684285
119,"Meditation App Promotion",2025-03-16,123030,2589,0.02104,0.020920000,0.000120000
120,"Crypto Trading Platform Ads",2025-01-01,171312,3674,0.02145,0.021450000,0.000000000
120,"Crypto Trading Platform Ads",2025-01-02,180021,3512,0.01951,0.020480000,-0.000970000
120,"Crypto Trading Platform Ads",2025-01-03,182704,2934,0.01606,0.019006666,-0.002946666
120,"Crypto Trading Platform Ads",2025-01-04,166162,4034,0.02428,0.020325000,0.003955000
120,"Crypto Trading Platform Ads",2025-01-05,176745,4845,0.02741,0.021742000,0.005668000
120,"Crypto Trading Platform Ads",2025-01-06,170261,3884,0.02281,0.021920000,0.000890000
120,"Crypto Trading Platform Ads",2025-01-07,173447,3597,0.02074,0.021751428,-0.001011428
120,"Crypto Trading Platform Ads",2025-01-08,177978,3985,0.02239,0.021885714,0.000504286
120,"Crypto Trading Platform Ads",2025-01-09,177054,2736,0.01545,0.021305714,-0.005855714
120,"Crypto Trading Platform Ads",2025-01-10,184679,3759,0.02035,0.021918571,-0.001568571
120,"Crypto Trading Platform Ads",2025-01-11,170871,3913,0.02290,0.021721428,0.001178572
120,"Crypto Trading Platform Ads",2025-01-12,174793,3647,0.02086,0.020785714,0.000074286
120,"Crypto Trading Platform Ads",2025-01-13,170406,4567,0.02680,0.021355714,0.005444286
120,"Crypto Trading Platform Ads",2025-01-14,180841,4525,0.02502,0.021967142,0.003052858
120,"Crypto Trading Platform Ads",2025-01-15,184611,3105,0.01682,0.021171428,-0.004351428
120,"Crypto Trading Platform Ads",2025-01-16,178186,3598,0.02019,0.021848571,-0.001658571
120,"Crypto Trading Platform Ads",2025-01-17,161340,3175,0.01968,0.021752857,-0.002072857
120,"Crypto Trading Platform Ads",2025-01-18,184748,3202,0.01733,0.020957142,-0.003627142
120,"Crypto Trading Platform Ads",2025-01-19,168979,4615,0.02731,0.021878571,0.005431429
120,"Crypto Trading Platform Ads",2025-01-20,176402,3327,0.01886,0.020744285,-0.001884285
120,"Crypto Trading Platform Ads",2025-01-21,187936,4268,0.02271,0.020414285,0.002295715
120,"Crypto Trading Platform Ads",2025-01-22,179217,2688,0.01500,0.020154285,-0.005154285
120,"Crypto Trading Platform Ads",2025-01-23,180692,3389,0.01876,0.019950000,-0.001190000
120,"Crypto Trading Platform Ads",2025-01-24,170356,2834,0.01664,0.019515714,-0.002875714
120,"Crypto Trading Platform Ads",2025-01-25,186347,3643,0.01955,0.019832857,-0.000282857
120,"Crypto Trading Platform Ads",2025-01-26,172853,3712,0.02147,0.018998571,0.002471429
120,"Crypto Trading Platform Ads",2025-01-27,172864,2978,0.01723,0.018765714,-0.001535714
120,"Crypto Trading Platform Ads",2025-01-28,162802,4181,0.02568,0.019190000,0.006490000
120,"Crypto Trading Platform Ads",2025-01-29,157382,2901,0.01843,0.019680000,-0.001250000
120,"Crypto Trading Platform Ads",2025-01-30,176768,4005,0.02266,0.020237142,0.002422858
120,"Crypto Trading Platform Ads",2025-01-31,174959,3181,0.01818,0.020457142,-0.002277142
120,"Crypto Trading Platform Ads",2025-02-01,169769,3715,0.02188,0.020790000,0.001090000
120,"Crypto Trading Platform Ads",2025-02-02,173716,2945,0.01695,0.020144285,-0.003194285
120,"Crypto Trading Platform Ads",2025-02-03,177597,4409,0.02483,0.021230000,0.003600000
120,"Crypto Trading Platform Ads",2025-02-04,182662,4080,0.02234,0.020752857,0.001587143
120,"Crypto Trading Platform Ads",2025-02-05,181710,3280,0.01805,0.020698571,-0.002648571
120,"Crypto Trading Platform Ads",2025-02-06,163336,4271,0.02615,0.021197142,0.004952858
120,"Crypto Trading Platform Ads",2025-02-07,177364,3404,0.01919,0.021341428,-0.002151428
120,"Crypto Trading Platform Ads",2025-02-08,176534,2905,0.01646,0.020567142,-0.004107142
120,"Crypto Trading Platform Ads",2025-02-09,157830,3365,0.02132,0.021191428,0.000128572
120,"Crypto Trading Platform Ads",2025-02-10,167981,3732,0.02222,0.020818571,0.001401429
120,"Crypto Trading Platform Ads",2025-02-11,164274,3841,0.02338,0.020967142,0.002412858
120,"Crypto Trading Platform Ads",2025-02-12,159292,3228,0.02026,0.021282857,-0.001022857
120,"Crypto Trading Platform Ads",2025-02-13,176681,3035,0.01718,0.020001428,-0.002821428
120,"Crypto Trading Platform Ads",2025-02-14,171268,3695,0.02157,0.020341428,0.001228572
120,"Crypto Trading Platform Ads",2025-02-15,173088,2844,0.01643,0.020337142,-0.003907142
120,"Crypto Trading Platform Ads",2025-02-16,176908,3403,0.01924,0.020040000,-0.000800000
120,"Crypto Trading Platform Ads",2025-02-17,174356,4809,0.02758,0.020805714,0.006774286
120,"Crypto Trading Platform Ads",2025-02-18,185788,3642,0.01960,0.020265714,-0.000665714
120,"Crypto Trading Platform Ads",2025-02-19,165345,4098,0.02478,0.020911428,0.003868572
120,"Crypto Trading Platform Ads",2025-02-20,164792,5336,0.03238,0.023082857,0.009297143
120,"Crypto Trading Platform Ads",2025-02-21,176816,4091,0.02314,0.023307142,-0.000167142
120,"Crypto Trading Platform Ads",2025-02-22,168491,3582,0.02126,0.023997142,-0.002737142
120,"Crypto Trading Platform Ads",2025-02-23,174848,3268,0.01869,0.023918571,-0.005228571
120,"Crypto Trading Platform Ads",2025-02-24,174397,3904,0.02239,0.023177142,-0.000787142
120,"Crypto Trading Platform Ads",2025-02-25,170843,3438,0.02012,0.023251428,-0.003131428
120,"Crypto Trading Platform Ads",2025-02-26,189029,4846,0.02564,0.023374285,0.002265715
120,"Crypto Trading Platform Ads",2025-02-27,178424,3447,0.01932,0.021508571,-0.002188571
120,"Crypto Trading Platform Ads",2025-02-28,173883,2905,0.01671,0.020590000,-0.003880000
120,"Crypto Trading Platform Ads",2025-03-01,175256,3015,0.01720,0.020010000,-0.002810000
120,"Crypto Trading Platform Ads",2025-03-02,171723,3838,0.02235,0.020532857,0.001817143
120,"Crypto Trading Platform Ads",2025-03-03,175745,3075,0.01750,0.019834285,-0.002334285
120,"Crypto Trading Platform Ads",2025-03-04,185540,3280,0.01768,0.019485714,-0.001805714
120,"Crypto Trading Platform Ads",2025-03-05,173871,2611,0.01502,0.017968571,-0.002948571
120,"Crypto Trading Platform Ads",2025-03-06,172836,3383,0.01957,0.018004285,0.001565715
120,"Crypto Trading Platform Ads",2025-03-07,174342,3737,0.02143,0.018678571,0.002751429
120,"Crypto Trading Platform Ads",2025-03-08,183842,3523,0.01916,0.018958571,0.000201429
120,"Crypto Trading Platform Ads",2025-03-09,171102,3110,0.01818,0.018362857,-0.000182857
120,"Crypto Trading Platform Ads",2025-03-10,167602,4039,0.02410,0.019305714,0.004794286
120,"Crypto Trading Platform Ads",2025-03-11,162314,3578,0.02204,0.019928571,0.002111429
120,"Crypto Trading Platform Ads",2025-03-12,189641,3888,0.02050,0.020711428,-0.000211428
120,"Crypto Trading Platform Ads",2025-03-13,181209,3479,0.01920,0.020658571,-0.001458571
120,"Crypto Trading Platform Ads",2025-03-14,171923,3075,0.01789,0.020152857,-0.002262857
120,"Crypto Trading Platform Ads",2025-03-15,170853,3297,0.01930,0.020172857,-0.000872857
120,"Crypto Trading Platform Ads",2025-03-16,165192,4188,0.02535,0.021197142,0.004152858
